Case,Seed,Method,TrajectoryRelativeL2,FinalFrameRelativeL2,LocalCalls
803,42,CoarseOnly,0.11275196075439453,0.17357178032398224,0
835,42,CoarseOnly,0.04509896785020828,0.049807753413915634,0
871,42,CoarseOnly,0.04518742859363556,0.057025156915187836,0
979,42,CoarseOnly,0.0890691727399826,0.1483985185623169,0
980,42,CoarseOnly,0.08997780084609985,0.15061716735363007,0
834,42,CoarseOnly,0.04385625198483467,0.10835263133049011,0
829,42,CoarseOnly,0.10103943943977356,0.1668081283569336,0
981,42,CoarseOnly,0.04625023156404495,0.06028813123703003,0
808,42,CoarseOnly,0.06398860365152359,0.058310411870479584,0
965,42,CoarseOnly,0.04787103459239006,0.06185097619891167,0
934,42,CoarseOnly,0.06645042449235916,0.061560098081827164,0
971,42,CoarseOnly,0.07023690640926361,0.07181383669376373,0
861,42,CoarseOnly,0.5049211978912354,0.4907531440258026,0
977,42,CoarseOnly,0.07420091331005096,0.0884079784154892,0
990,42,CoarseOnly,0.05806076154112816,0.05828001722693443,0
828,42,CoarseOnly,0.04433364421129227,0.16435250639915466,0
858,42,CoarseOnly,0.12479317933320999,0.17556697130203247,0
938,42,CoarseOnly,0.4743615388870239,0.17097648978233337,0
976,42,CoarseOnly,0.043857574462890625,0.11327054351568222,0
955,42,CoarseOnly,0.043866921216249466,0.11924576014280319,0
872,42,CoarseOnly,0.1013491302728653,0.16706588864326477,0
867,42,CoarseOnly,0.07289816439151764,0.08244910836219788,0
841,42,CoarseOnly,0.043963707983493805,0.08819149434566498,0
830,42,CoarseOnly,0.04443738982081413,0.054629866033792496,0
946,42,CoarseOnly,0.42751020193099976,0.1509050726890564,0
952,42,CoarseOnly,0.044137679040431976,0.15123462677001953,0
923,42,CoarseOnly,0.045064568519592285,0.05131736397743225,0
925,42,CoarseOnly,0.04489612206816673,0.19322513043880463,0
953,42,CoarseOnly,0.04403594508767128,0.1429847627878189,0
846,42,CoarseOnly,0.12301906943321228,0.16336628794670105,0
930,42,CoarseOnly,0.06479007005691528,0.05894158408045769,0
863,42,CoarseOnly,0.04513225704431534,0.04591657593846321,0
899,42,CoarseOnly,0.05847163125872612,0.05805415287613869,0
821,42,CoarseOnly,0.06383436918258667,0.05814708024263382,0
910,42,CoarseOnly,0.12047627568244934,0.17545931041240692,0
921,42,CoarseOnly,0.1359737664461136,0.1705840528011322,0
909,42,CoarseOnly,0.1322706639766693,0.17327377200126648,0
843,42,CoarseOnly,0.08507267385721207,0.13658809661865234,0
902,42,CoarseOnly,0.05945274233818054,0.05765576660633087,0
957,42,CoarseOnly,0.0450848825275898,0.042886096984148026,0
852,42,CoarseOnly,0.06348066031932831,0.05783870071172714,0
856,42,CoarseOnly,0.13650162518024445,0.17266060411930084,0
906,42,CoarseOnly,0.10261964052915573,0.16807499527931213,0
869,42,CoarseOnly,0.0846870169043541,0.13523104786872864,0
839,42,CoarseOnly,0.05604822561144829,0.059346262365579605,0
908,42,CoarseOnly,0.09633177518844604,0.16182875633239746,0
832,42,CoarseOnly,0.04586624354124069,0.23231425881385803,0
907,42,CoarseOnly,0.055673398077487946,0.05961727350950241,0
920,42,CoarseOnly,0.45419394969940186,0.15417928993701935,0
837,42,CoarseOnly,0.0659017488360405,0.060612767934799194,0
864,42,CoarseOnly,0.12215302139520645,0.1642296463251114,0
875,42,CoarseOnly,0.0493442676961422,0.062210455536842346,0
935,42,CoarseOnly,0.17512065172195435,0.15531490743160248,0
967,42,CoarseOnly,0.06181763485074043,0.057208675891160965,0
900,42,CoarseOnly,0.22958028316497803,0.15892229974269867,0
891,42,CoarseOnly,0.04514305666089058,0.05687033012509346,0
927,42,CoarseOnly,0.046504758298397064,0.06080300360918045,0
956,42,CoarseOnly,0.1636018306016922,0.15763290226459503,0
964,42,CoarseOnly,0.07885795831680298,0.11081964522600174,0
806,42,CoarseOnly,0.045112334191799164,0.2027093917131424,0
983,42,CoarseOnly,0.12828285992145538,0.17493176460266113,0
888,42,CoarseOnly,0.4356209337711334,0.14706407487392426,0
845,42,CoarseOnly,0.10491347312927246,0.169672429561615,0
929,42,CoarseOnly,0.0843033567070961,0.13388444483280182,0
865,42,CoarseOnly,0.05254556983709335,0.06127182021737099,0
939,42,CoarseOnly,0.07695519924163818,0.10167665034532547,0
995,42,CoarseOnly,0.04612074792385101,0.06022845581173897,0
932,42,CoarseOnly,0.04509105905890465,0.04319077357649803,0
993,42,CoarseOnly,0.049702923744916916,0.06208815798163414,0
918,42,CoarseOnly,0.12750297784805298,0.1751163750886917,0
949,42,CoarseOnly,0.04502098262310028,0.04209937900304794,0
951,42,CoarseOnly,0.055779144167900085,0.05963841453194618,0
842,42,CoarseOnly,0.1372341811656952,0.17570146918296814,0
985,42,CoarseOnly,0.13363142311573029,0.16308948397636414,0
827,42,CoarseOnly,0.07599622011184692,0.0970064252614975,0
866,42,CoarseOnly,0.04636961594223976,0.06054789572954178,0
820,42,CoarseOnly,0.04979600012302399,0.06203996762633324,0
836,42,CoarseOnly,0.053360600024461746,0.060933224856853485,0
853,42,CoarseOnly,0.049891531467437744,0.06215494126081467,0
897,42,CoarseOnly,0.056677624583244324,0.05896364897489548,0
800,42,CoarseOnly,0.04389156028628349,0.09825768321752548,0
824,42,CoarseOnly,0.06355411559343338,0.057911716401576996,0
913,42,CoarseOnly,0.07324212789535522,0.0839887261390686,0
978,42,CoarseOnly,0.11503177136182785,0.17430919408798218,0
849,42,CoarseOnly,0.05991337448358536,0.057457514107227325,0
813,42,CoarseOnly,0.05871611833572388,0.057927463203668594,0
962,42,CoarseOnly,0.10837604105472565,0.17160670459270477,0
879,42,CoarseOnly,0.04503080993890762,0.0542060025036335,0
823,42,CoarseOnly,0.09416887909173965,0.1587296724319458,0
968,42,CoarseOnly,0.08606548607349396,0.13987459242343903,0
997,42,CoarseOnly,0.12210039049386978,0.16425015032291412,0
892,42,CoarseOnly,0.3569349944591522,0.18303965032100677,0
840,42,CoarseOnly,0.07738638669252396,0.10374090820550919,0
826,42,CoarseOnly,0.044635552912950516,0.18079423904418945,0
895,42,CoarseOnly,0.5099113583564758,1.9790400266647339,0
915,42,CoarseOnly,0.04510047286748886,0.043647315353155136,0
903,42,CoarseOnly,0.04394448176026344,0.133520245552063,0
991,42,CoarseOnly,0.05205634608864784,0.06146838515996933,0
804,42,CoarseOnly,0.045344773679971695,0.212362602353096,0
970,42,CoarseOnly,0.09390555322170258,0.15831215679645538,0
803,42,RandomMacro,0.11273890733718872,0.15748611092567444,76
835,42,RandomMacro,0.046847593039274216,0.10599201172590256,76
871,42,RandomMacro,0.046327125281095505,0.08142724633216858,76
979,42,RandomMacro,0.08953158557415009,0.13628578186035156,76
980,42,RandomMacro,0.09263137727975845,0.13574069738388062,76
834,42,RandomMacro,0.044443000108003616,0.11675870418548584,76
829,42,RandomMacro,0.10286421328783035,0.15073978900909424,76
981,42,RandomMacro,0.04722047597169876,0.0827629417181015,76
808,42,RandomMacro,0.06857001781463623,0.06880968809127808,76
965,42,RandomMacro,0.05037457495927811,0.07352671027183533,76
934,42,RandomMacro,0.06832676380872726,0.0765090137720108,76
971,42,RandomMacro,0.07223474234342575,0.09190107882022858,76
861,42,RandomMacro,0.6072388291358948,1.5605106353759766,76
977,42,RandomMacro,0.07475850731134415,0.09383152425289154,76
990,42,RandomMacro,0.058151036500930786,0.06982723623514175,76
828,42,RandomMacro,0.04529445990920067,0.15217117965221405,76
858,42,RandomMacro,0.12804165482521057,0.151777982711792,76
938,42,RandomMacro,0.600620448589325,0.3195509910583496,76
976,42,RandomMacro,0.04517195746302605,0.13857582211494446,76
955,42,RandomMacro,0.04501095041632652,0.1177562028169632,76
872,42,RandomMacro,0.10128479450941086,0.1480036973953247,76
867,42,RandomMacro,0.07619587332010269,0.08941338211297989,76
841,42,RandomMacro,0.04534750431776047,0.07704639434814453,76
830,42,RandomMacro,0.045391637831926346,0.10189013928174973,76
946,42,RandomMacro,0.3990124464035034,0.17918507754802704,76
952,42,RandomMacro,0.04513989016413689,0.13609814643859863,76
923,42,RandomMacro,0.045068539679050446,0.07657060027122498,76
925,42,RandomMacro,0.045052915811538696,0.1823710948228836,76
953,42,RandomMacro,0.04506129398941994,0.13490214943885803,76
846,42,RandomMacro,0.12750303745269775,0.14796409010887146,76
930,42,RandomMacro,0.06609184294939041,0.058742228895425797,76
863,42,RandomMacro,0.04630230739712715,0.08534076809883118,76
899,42,RandomMacro,0.06433776766061783,0.06618019938468933,76
821,42,RandomMacro,0.06900616735219955,0.07915443927049637,76
910,42,RandomMacro,0.11538747698068619,0.15599891543388367,76
921,42,RandomMacro,0.14272862672805786,0.1459028124809265,76
909,42,RandomMacro,0.13172787427902222,0.1541987508535385,76
843,42,RandomMacro,0.08748678117990494,0.1424669325351715,76
902,42,RandomMacro,0.06405886262655258,0.07918975502252579,76
957,42,RandomMacro,0.04661376401782036,0.08350703120231628,76
852,42,RandomMacro,0.06363432854413986,0.0818222239613533,76
856,42,RandomMacro,0.15654592216014862,0.15676026046276093,76
906,42,RandomMacro,0.10231657326221466,0.1517496407032013,76
869,42,RandomMacro,0.08876903355121613,0.12501153349876404,76
839,42,RandomMacro,0.05860156565904617,0.05995197221636772,76
908,42,RandomMacro,0.09463540464639664,0.14696630835533142,76
832,42,RandomMacro,0.046684492379426956,0.21632269024848938,76
907,42,RandomMacro,0.05812814459204674,0.07656601816415787,76
920,42,RandomMacro,0.521755576133728,0.9276473522186279,76
837,42,RandomMacro,0.06655070185661316,0.05314275994896889,76
864,42,RandomMacro,0.13053877651691437,0.14682279527187347,76
875,42,RandomMacro,0.05168589949607849,0.09123236685991287,76
935,42,RandomMacro,0.24730205535888672,0.1582687944173813,76
967,42,RandomMacro,0.06200837343931198,0.08016934245824814,76
900,42,RandomMacro,0.14449547231197357,0.16007329523563385,76
891,42,RandomMacro,0.04578525200486183,0.10600778460502625,76
927,42,RandomMacro,0.04903532192111015,0.09963327646255493,76
956,42,RandomMacro,0.23837417364120483,0.15799769759178162,76
964,42,RandomMacro,0.07945410162210464,0.11110568046569824,76
806,42,RandomMacro,0.04533260315656662,0.18613247573375702,76
983,42,RandomMacro,0.1298638880252838,0.1552620679140091,76
888,42,RandomMacro,0.39174866676330566,0.4633667469024658,76
845,42,RandomMacro,0.10321347415447235,0.15181756019592285,76
929,42,RandomMacro,0.0848548635840416,0.12024786323308945,76
865,42,RandomMacro,0.053933095186948776,0.08042318373918533,76
939,42,RandomMacro,0.07849933952093124,0.10070648044347763,76
995,42,RandomMacro,0.049512989819049835,0.12914788722991943,76
932,42,RandomMacro,0.04774941876530647,0.06081150099635124,76
993,42,RandomMacro,0.05369529500603676,0.06416693329811096,76
918,42,RandomMacro,0.1274416744709015,0.16839390993118286,76
949,42,RandomMacro,0.04533766955137253,0.059029243886470795,76
951,42,RandomMacro,0.054016511887311935,0.0851282849907875,76
842,42,RandomMacro,0.1450953632593155,0.17440415918827057,76
985,42,RandomMacro,0.14979106187820435,0.15368282794952393,76
827,42,RandomMacro,0.0752931758761406,0.10169782489538193,76
866,42,RandomMacro,0.04986577853560448,0.0914527028799057,76
820,42,RandomMacro,0.052601661533117294,0.08992835134267807,76
836,42,RandomMacro,0.054856717586517334,0.07930859178304672,76
853,42,RandomMacro,0.052652906626462936,0.05788779631257057,76
897,42,RandomMacro,0.058747515082359314,0.07934937626123428,76
800,42,RandomMacro,0.04401431605219841,0.09849841892719269,76
824,42,RandomMacro,0.06657388806343079,0.07097715139389038,76
913,42,RandomMacro,0.07331383228302002,0.09123481065034866,76
978,42,RandomMacro,0.11929403990507126,0.16396766901016235,76
849,42,RandomMacro,0.06310227513313293,0.0702437087893486,76
813,42,RandomMacro,0.06198304519057274,0.06741943210363388,76
962,42,RandomMacro,0.10898422449827194,0.15279851853847504,76
879,42,RandomMacro,0.047165628522634506,0.0777115449309349,76
823,42,RandomMacro,0.09594351798295975,0.14658918976783752,76
968,42,RandomMacro,0.086992047727108,0.12515448033809662,76
997,42,RandomMacro,0.14977817237377167,0.15375110507011414,76
892,42,RandomMacro,0.2557412087917328,0.146717369556427,76
840,42,RandomMacro,0.07658565044403076,0.10070700198411942,76
826,42,RandomMacro,0.04494445025920868,0.1741180568933487,76
895,42,RandomMacro,0.531733512878418,2.0523641109466553,76
915,42,RandomMacro,0.04680098220705986,0.05389810726046562,76
903,42,RandomMacro,0.04507695883512497,0.1256401687860489,76
991,42,RandomMacro,0.053406309336423874,0.08079704642295837,76
804,42,RandomMacro,0.04584237188100815,0.20604757964611053,76
970,42,RandomMacro,0.09680703282356262,0.1436922550201416,76
803,42,UniformMacro,0.11082830280065536,0.16368833184242249,76
835,42,UniformMacro,0.047274649143218994,0.07321102917194366,76
871,42,UniformMacro,0.04809335619211197,0.08670627325773239,76
979,42,UniformMacro,0.09060424566268921,0.14044740796089172,76
980,42,UniformMacro,0.09150991588830948,0.14234234392642975,76
834,42,UniformMacro,0.04457490146160126,0.10711394250392914,76
829,42,UniformMacro,0.09985709935426712,0.15715734660625458,76
981,42,UniformMacro,0.04916933923959732,0.09017008543014526,76
808,42,UniformMacro,0.06718792766332626,0.07445375621318817,76
965,42,UniformMacro,0.05022917687892914,0.09591206163167953,76
934,42,UniformMacro,0.06894288212060928,0.06501979380846024,76
971,42,UniformMacro,0.07296114414930344,0.07732662558555603,76
861,42,UniformMacro,0.4968991279602051,0.16577069461345673,76
977,42,UniformMacro,0.07441036403179169,0.09574175626039505,76
990,42,UniformMacro,0.06228899583220482,0.0785536989569664,76
828,42,UniformMacro,0.045085836201906204,0.15611059963703156,76
858,42,UniformMacro,0.12384450435638428,0.16692303121089935,76
938,42,UniformMacro,0.586208701133728,0.3957884609699249,76
976,42,UniformMacro,0.044573429971933365,0.11162140220403671,76
955,42,UniformMacro,0.04463330656290054,0.12208651006221771,76
872,42,UniformMacro,0.10032384842634201,0.15736758708953857,76
867,42,UniformMacro,0.07581841200590134,0.09205502271652222,76
841,42,UniformMacro,0.044732604175806046,0.09385961294174194,76
830,42,UniformMacro,0.044768013060092926,0.062409136444330215,76
946,42,UniformMacro,0.4713573753833771,1.9359103441238403,76
952,42,UniformMacro,0.044908180832862854,0.1547655314207077,76
923,42,UniformMacro,0.0473194345831871,0.07418311387300491,76
925,42,UniformMacro,0.04568232223391533,0.18456783890724182,76
953,42,UniformMacro,0.04479067772626877,0.1470937430858612,76
846,42,UniformMacro,0.15452535450458527,0.16683299839496613,76
930,42,UniformMacro,0.06790624558925629,0.07370457798242569,76
863,42,UniformMacro,0.04715857282280922,0.07983560860157013,76
899,42,UniformMacro,0.06268879026174545,0.07817132771015167,76
821,42,UniformMacro,0.06707149744033813,0.07276981323957443,76
910,42,UniformMacro,0.12335585802793503,0.16530799865722656,76
921,42,UniformMacro,0.14581935107707977,0.16557824611663818,76
909,42,UniformMacro,0.13491958379745483,0.16539902985095978,76
843,42,UniformMacro,0.08413795381784439,0.13073328137397766,76
902,42,UniformMacro,0.06306298077106476,0.07911989837884903,76
957,42,UniformMacro,0.0465870276093483,0.08280827105045319,76
852,42,UniformMacro,0.0667659193277359,0.07302414625883102,76
856,42,UniformMacro,0.1533493548631668,0.1608307659626007,76
906,42,UniformMacro,0.0998915359377861,0.15783444046974182,76
869,42,UniformMacro,0.08373701572418213,0.1296282261610031,76
839,42,UniformMacro,0.058158062398433685,0.08236794173717499,76
908,42,UniformMacro,0.0962134599685669,0.1521497219800949,76
832,42,UniformMacro,0.0466991551220417,0.2273762971162796,76
907,42,UniformMacro,0.058694880455732346,0.07835308462381363,76
920,42,UniformMacro,0.5355444550514221,1.7918277978897095,76
837,42,UniformMacro,0.06956391036510468,0.06882238388061523,76
864,42,UniformMacro,0.1336956024169922,0.15950137376785278,76
875,42,UniformMacro,0.052994269877672195,0.08419504761695862,76
935,42,UniformMacro,0.19139885902404785,0.21817907691001892,76
967,42,UniformMacro,0.06565442681312561,0.07732342183589935,76
900,42,UniformMacro,0.14948226511478424,0.16207720339298248,76
891,42,UniformMacro,0.04806414246559143,0.08575093746185303,76
927,42,UniformMacro,0.049111440777778625,0.08926902711391449,76
956,42,UniformMacro,0.21623222529888153,0.1447627693414688,76
964,42,UniformMacro,0.07816839218139648,0.10992323607206345,76
806,42,UniformMacro,0.04589737951755524,0.19325964152812958,76
983,42,UniformMacro,0.12878312170505524,0.1668790727853775,76
888,42,UniformMacro,0.45033687353134155,0.14278922975063324,76
845,42,UniformMacro,0.10225512087345123,0.16031447052955627,76
929,42,UniformMacro,0.08339231461286545,0.12856072187423706,76
865,42,UniformMacro,0.056215979158878326,0.0825798287987709,76
939,42,UniformMacro,0.07620618492364883,0.10153436660766602,76
995,42,UniformMacro,0.04900196194648743,0.08991186320781708,76
932,42,UniformMacro,0.046640343964099884,0.08013942837715149,76
993,42,UniformMacro,0.05322500318288803,0.08181729167699814,76
918,42,UniformMacro,0.1262257844209671,0.16523411870002747,76
949,42,UniformMacro,0.04684823006391525,0.08271988481283188,76
951,42,UniformMacro,0.056915998458862305,0.08151749521493912,76
842,42,UniformMacro,0.1426416039466858,0.16145852208137512,76
985,42,UniformMacro,0.14377039670944214,0.1581779420375824,76
827,42,UniformMacro,0.07623936235904694,0.09753817319869995,76
866,42,UniformMacro,0.04965926334261894,0.08819860219955444,76
820,42,UniformMacro,0.05338941141963005,0.08198858052492142,76
836,42,UniformMacro,0.057040803134441376,0.08062494546175003,76
853,42,UniformMacro,0.05347137898206711,0.08180567622184753,76
897,42,UniformMacro,0.06093777343630791,0.08355012536048889,76
800,42,UniformMacro,0.0447206124663353,0.09999497979879379,76
824,42,UniformMacro,0.06682858616113663,0.0730358362197876,76
913,42,UniformMacro,0.07343872636556625,0.09293106198310852,76
978,42,UniformMacro,0.11336599290370941,0.16256120800971985,76
849,42,UniformMacro,0.06042773649096489,0.07888180762529373,76
813,42,UniformMacro,0.06228448450565338,0.07874520868062973,76
962,42,UniformMacro,0.10586506873369217,0.1619332730770111,76
879,42,UniformMacro,0.04751620069146156,0.06962614506483078,76
823,42,UniformMacro,0.09270268678665161,0.15085485577583313,76
968,42,UniformMacro,0.08675689995288849,0.13299083709716797,76
997,42,UniformMacro,0.13931357860565186,0.16149260103702545,76
892,42,UniformMacro,0.4378473162651062,2.024346351623535,76
840,42,UniformMacro,0.07662485539913177,0.1067751795053482,76
826,42,UniformMacro,0.045414578169584274,0.17552132904529572,76
895,42,UniformMacro,0.5564531683921814,2.8527915477752686,76
915,42,UniformMacro,0.04686136543750763,0.07415521889925003,76
903,42,UniformMacro,0.044695451855659485,0.13528668880462646,76
991,42,UniformMacro,0.05645449459552765,0.08365414291620255,76
804,42,UniformMacro,0.04613954573869705,0.20539377629756927,76
970,42,UniformMacro,0.09245209395885468,0.15052489936351776,76
803,42,GradientMacro,0.1140909418463707,0.17346103489398956,76
835,42,GradientMacro,0.045499276369810104,0.049854204058647156,76
871,42,GradientMacro,0.045772749930620193,0.057199399918317795,76
979,42,GradientMacro,0.09078259766101837,0.14839164912700653,76
980,42,GradientMacro,0.0916963741183281,0.15061508119106293,76
834,42,GradientMacro,0.044996507465839386,0.10852324217557907,76
829,42,GradientMacro,0.10098221153020859,0.16682817041873932,76
981,42,GradientMacro,0.04690747708082199,0.060320157557725906,76
808,42,GradientMacro,0.06674540787935257,0.058217909187078476,76
965,42,GradientMacro,0.048882752656936646,0.06176530942320824,76
934,42,GradientMacro,0.06919952481985092,0.06152884662151337,76
971,42,GradientMacro,0.07249732315540314,0.07177899777889252,76
861,42,GradientMacro,0.45164617896080017,3.5667059421539307,76
977,42,GradientMacro,0.07544440776109695,0.08838898688554764,76
990,42,GradientMacro,0.059855762869119644,0.058119870722293854,76
828,42,GradientMacro,0.04567001760005951,0.16413089632987976,76
858,42,GradientMacro,0.12395616620779037,0.174904003739357,76
938,42,GradientMacro,0.6466109156608582,2.2573435306549072,76
976,42,GradientMacro,0.045008063316345215,0.11322516202926636,76
955,42,GradientMacro,0.04504974186420441,0.11923239380121231,76
872,42,GradientMacro,0.1012888103723526,0.16707004606723785,76
867,42,GradientMacro,0.07451328635215759,0.08245968073606491,76
841,42,GradientMacro,0.04501406103372574,0.08839329332113266,76
830,42,GradientMacro,0.04531373456120491,0.054833389818668365,76
946,42,GradientMacro,0.42105740308761597,2.41713547706604,76
952,42,GradientMacro,0.04543382301926613,0.1512770801782608,76
923,42,GradientMacro,0.045490533113479614,0.05128785967826843,76
925,42,GradientMacro,0.04622713103890419,0.19319406151771545,76
953,42,GradientMacro,0.045302145183086395,0.14293164014816284,76
846,42,GradientMacro,0.14385606348514557,0.1641990691423416,76
930,42,GradientMacro,0.06765995174646378,0.0590616799890995,76
863,42,GradientMacro,0.04557522386312485,0.045878294855356216,76
899,42,GradientMacro,0.06245715171098709,0.05804292857646942,76
821,42,GradientMacro,0.06662705540657043,0.05811896175146103,76
910,42,GradientMacro,0.11960503458976746,0.1752471625804901,76
921,42,GradientMacro,0.1435583382844925,0.1739484965801239,76
909,42,GradientMacro,0.13656198978424072,0.1733127236366272,76
843,42,GradientMacro,0.08742795884609222,0.13658973574638367,76
902,42,GradientMacro,0.061925921589136124,0.057647962123155594,76
957,42,GradientMacro,0.0456165187060833,0.04301604628562927,76
852,42,GradientMacro,0.06721584498882294,0.057833317667245865,76
856,42,GradientMacro,0.1355423480272293,0.16783255338668823,76
906,42,GradientMacro,0.10285855829715729,0.16808225214481354,76
869,42,GradientMacro,0.08705469220876694,0.13523289561271667,76
839,42,GradientMacro,0.056096676737070084,0.05920296162366867,76
908,42,GradientMacro,0.09791164100170135,0.16182675957679749,76
832,42,GradientMacro,0.04726697877049446,0.2324211150407791,76
907,42,GradientMacro,0.05524696782231331,0.059480633586645126,76
920,42,GradientMacro,0.6570981740951538,1.446020245552063,76
837,42,GradientMacro,0.0687057301402092,0.06067561358213425,76
864,42,GradientMacro,0.1440272033214569,0.16516618430614471,76
875,42,GradientMacro,0.04987345635890961,0.06207192689180374,76
935,42,GradientMacro,0.3219720125198364,0.1488124579191208,76
967,42,GradientMacro,0.06371603161096573,0.0572379045188427,76
900,42,GradientMacro,0.24804289638996124,0.15323901176452637,76
891,42,GradientMacro,0.04567868262529373,0.0567467026412487,76
927,42,GradientMacro,0.04688086733222008,0.06079862639307976,76
956,42,GradientMacro,0.3408694267272949,0.18408526480197906,76
964,42,GradientMacro,0.08057501167058945,0.11082151532173157,76
806,42,GradientMacro,0.04646533727645874,0.20267966389656067,76
983,42,GradientMacro,0.12800297141075134,0.17456261813640594,76
888,42,GradientMacro,0.4046729803085327,0.1561308205127716,76
845,42,GradientMacro,0.1061544418334961,0.1695956587791443,76
929,42,GradientMacro,0.08641712367534637,0.133872389793396,76
865,42,GradientMacro,0.05263161659240723,0.06120399758219719,76
939,42,GradientMacro,0.07859667390584946,0.10167673230171204,76
995,42,GradientMacro,0.046714503318071365,0.06026154384016991,76
932,42,GradientMacro,0.04560668021440506,0.04286535829305649,76
993,42,GradientMacro,0.05300059914588928,0.06208055466413498,76
918,42,GradientMacro,0.1272200047969818,0.17474396526813507,76
949,42,GradientMacro,0.045605964958667755,0.04193298518657684,76
951,42,GradientMacro,0.05537579953670502,0.059542495757341385,76
842,42,GradientMacro,0.13644441962242126,0.170671284198761,76
985,42,GradientMacro,0.133144810795784,0.1574510931968689,76
827,42,GradientMacro,0.07738635689020157,0.09699597954750061,76
866,42,GradientMacro,0.04676187410950661,0.06055385246872902,76
820,42,GradientMacro,0.05030728504061699,0.06197661533951759,76
836,42,GradientMacro,0.05580824613571167,0.061022624373435974,76
853,42,GradientMacro,0.050408244132995605,0.062095385044813156,76
897,42,GradientMacro,0.056562330573797226,0.05892549082636833,76
800,42,GradientMacro,0.04498576745390892,0.09819487482309341,76
824,42,GradientMacro,0.06690791249275208,0.057942137122154236,76
913,42,GradientMacro,0.07474684715270996,0.08399205654859543,76
978,42,GradientMacro,0.1149488314986229,0.174325630068779,76
849,42,GradientMacro,0.06127932295203209,0.05740557610988617,76
813,42,GradientMacro,0.06774957478046417,0.05784008651971817,76
962,42,GradientMacro,0.10871822386980057,0.1715550422668457,76
879,42,GradientMacro,0.04550721123814583,0.05404293164610863,76
823,42,GradientMacro,0.09581077843904495,0.15872791409492493,76
968,42,GradientMacro,0.088750921189785,0.1398778259754181,76
997,42,GradientMacro,0.14260953664779663,0.17209342122077942,76
892,42,GradientMacro,0.34578943252563477,0.15196196734905243,76
840,42,GradientMacro,0.07922302931547165,0.10373367369174957,76
826,42,GradientMacro,0.04610004276037216,0.18067966401576996,76
895,42,GradientMacro,0.5254111886024475,3.7952537536621094,76
915,42,GradientMacro,0.04555680602788925,0.04345833510160446,76
903,42,GradientMacro,0.04518063738942146,0.13347604870796204,76
991,42,GradientMacro,0.05411968752741814,0.06143210455775261,76
804,42,GradientMacro,0.04671298712491989,0.21242226660251617,76
970,42,GradientMacro,0.0955372303724289,0.15830519795417786,76
803,42,SetAwareMyopicMacro,0.11357001960277557,0.17338967323303223,76
835,42,SetAwareMyopicMacro,0.045499276369810104,0.049854204058647156,76
871,42,SetAwareMyopicMacro,0.04577336832880974,0.0570087730884552,76
979,42,SetAwareMyopicMacro,0.09084992110729218,0.14838966727256775,76
980,42,SetAwareMyopicMacro,0.09174308180809021,0.15060891211032867,76
834,42,SetAwareMyopicMacro,0.044765349477529526,0.10769247263669968,76
829,42,SetAwareMyopicMacro,0.10062132030725479,0.16678902506828308,76
981,42,SetAwareMyopicMacro,0.04690747708082199,0.060320157557725906,76
808,42,SetAwareMyopicMacro,0.06674540787935257,0.058217909187078476,76
965,42,SetAwareMyopicMacro,0.048882752656936646,0.06176530942320824,76
934,42,SetAwareMyopicMacro,0.06919952481985092,0.06152884662151337,76
971,42,SetAwareMyopicMacro,0.07249732315540314,0.07177899777889252,76
861,42,SetAwareMyopicMacro,0.45164617896080017,3.5667059421539307,76
977,42,SetAwareMyopicMacro,0.07544440776109695,0.08838898688554764,76
990,42,SetAwareMyopicMacro,0.059855762869119644,0.058119870722293854,76
828,42,SetAwareMyopicMacro,0.045374948531389236,0.1639668494462967,76
858,42,SetAwareMyopicMacro,0.12316950410604477,0.17591729760169983,76
938,42,SetAwareMyopicMacro,0.6285679340362549,1.540915608406067,76
976,42,SetAwareMyopicMacro,0.044779110699892044,0.11257920414209366,76
955,42,SetAwareMyopicMacro,0.04480760544538498,0.11879991739988327,76
872,42,SetAwareMyopicMacro,0.10091253370046616,0.16704317927360535,76
867,42,SetAwareMyopicMacro,0.07451328635215759,0.08245968073606491,76
841,42,SetAwareMyopicMacro,0.04466574639081955,0.08885716646909714,76
830,42,SetAwareMyopicMacro,0.045158855617046356,0.05465897545218468,76
946,42,SetAwareMyopicMacro,0.42105740308761597,2.41713547706604,76
952,42,SetAwareMyopicMacro,0.04515698924660683,0.1509162187576294,76
923,42,SetAwareMyopicMacro,0.045490533113479614,0.05128785967826843,76
925,42,SetAwareMyopicMacro,0.045966677367687225,0.19313518702983856,76
953,42,SetAwareMyopicMacro,0.0450332835316658,0.1425248235464096,76
846,42,SetAwareMyopicMacro,0.1426018923521042,0.1659075915813446,76
930,42,SetAwareMyopicMacro,0.06765995174646378,0.0590616799890995,76
863,42,SetAwareMyopicMacro,0.04557522386312485,0.045878294855356216,76
899,42,SetAwareMyopicMacro,0.06245715171098709,0.05804292857646942,76
821,42,SetAwareMyopicMacro,0.06662705540657043,0.05811896175146103,76
910,42,SetAwareMyopicMacro,0.11985645443201065,0.1755392700433731,76
921,42,SetAwareMyopicMacro,0.14428989589214325,0.1748964786529541,76
909,42,SetAwareMyopicMacro,0.1331629753112793,0.17511774599552155,76
843,42,SetAwareMyopicMacro,0.08742795884609222,0.13658973574638367,76
902,42,SetAwareMyopicMacro,0.0596533827483654,0.05752292275428772,76
957,42,SetAwareMyopicMacro,0.0456165187060833,0.04301604628562927,76
852,42,SetAwareMyopicMacro,0.06721584498882294,0.057833317667245865,76
856,42,SetAwareMyopicMacro,0.14528441429138184,0.17608971893787384,76
906,42,SetAwareMyopicMacro,0.10242248326539993,0.16803349554538727,76
869,42,SetAwareMyopicMacro,0.08705469220876694,0.13523289561271667,76
839,42,SetAwareMyopicMacro,0.056096676737070084,0.05920296162366867,76
908,42,SetAwareMyopicMacro,0.09637739509344101,0.16185207664966583,76
832,42,SetAwareMyopicMacro,0.046976372599601746,0.23275935649871826,76
907,42,SetAwareMyopicMacro,0.05524696782231331,0.059480633586645126,76
920,42,SetAwareMyopicMacro,0.6570981740951538,1.446020245552063,76
837,42,SetAwareMyopicMacro,0.0687057301402092,0.06067561358213425,76
864,42,SetAwareMyopicMacro,0.13794052600860596,0.16341561079025269,76
875,42,SetAwareMyopicMacro,0.04987345635890961,0.06207192689180374,76
935,42,SetAwareMyopicMacro,0.3219720125198364,0.1488124579191208,76
967,42,SetAwareMyopicMacro,0.06371603161096573,0.0572379045188427,76
900,42,SetAwareMyopicMacro,0.24804289638996124,0.15323901176452637,76
891,42,SetAwareMyopicMacro,0.04567868262529373,0.0567467026412487,76
927,42,SetAwareMyopicMacro,0.04688086733222008,0.06079862639307976,76
956,42,SetAwareMyopicMacro,0.3408694267272949,0.18408526480197906,76
964,42,SetAwareMyopicMacro,0.08057501167058945,0.11082151532173157,76
806,42,SetAwareMyopicMacro,0.04618671163916588,0.20275892317295074,76
983,42,SetAwareMyopicMacro,0.12699788808822632,0.17563576996326447,76
888,42,SetAwareMyopicMacro,0.4046729803085327,0.1561308205127716,76
845,42,SetAwareMyopicMacro,0.1058279499411583,0.16960276663303375,76
929,42,SetAwareMyopicMacro,0.08641712367534637,0.133872389793396,76
865,42,SetAwareMyopicMacro,0.05263161659240723,0.06120399758219719,76
939,42,SetAwareMyopicMacro,0.07859667390584946,0.10167673230171204,76
995,42,SetAwareMyopicMacro,0.046714503318071365,0.06026154384016991,76
932,42,SetAwareMyopicMacro,0.04560668021440506,0.04286535829305649,76
993,42,SetAwareMyopicMacro,0.05300059914588928,0.06208055466413498,76
918,42,SetAwareMyopicMacro,0.1262054294347763,0.1755884736776352,76
949,42,SetAwareMyopicMacro,0.045605964958667755,0.04193298518657684,76
951,42,SetAwareMyopicMacro,0.05537579953670502,0.059542495757341385,76
842,42,SetAwareMyopicMacro,0.1474616825580597,0.1753939539194107,76
985,42,SetAwareMyopicMacro,0.14295488595962524,0.17077435553073883,76
827,42,SetAwareMyopicMacro,0.07738635689020157,0.09699597954750061,76
866,42,SetAwareMyopicMacro,0.04676187410950661,0.06055385246872902,76
820,42,SetAwareMyopicMacro,0.05030728504061699,0.06197661533951759,76
836,42,SetAwareMyopicMacro,0.05580824613571167,0.061022624373435974,76
853,42,SetAwareMyopicMacro,0.050408244132995605,0.062095385044813156,76
897,42,SetAwareMyopicMacro,0.056562330573797226,0.05892549082636833,76
800,42,SetAwareMyopicMacro,0.044768232852220535,0.097356878221035,76
824,42,SetAwareMyopicMacro,0.06690791249275208,0.057942137122154236,76
913,42,SetAwareMyopicMacro,0.07474684715270996,0.08399205654859543,76
978,42,SetAwareMyopicMacro,0.1142767071723938,0.17420926690101624,76
849,42,SetAwareMyopicMacro,0.06127932295203209,0.05740557610988617,76
813,42,SetAwareMyopicMacro,0.06774957478046417,0.05784008651971817,76
962,42,SetAwareMyopicMacro,0.10830395668745041,0.1715519279241562,76
879,42,SetAwareMyopicMacro,0.04550721123814583,0.05404293164610863,76
823,42,SetAwareMyopicMacro,0.09586496651172638,0.15872938930988312,76
968,42,SetAwareMyopicMacro,0.088750921189785,0.1398778259754181,76
997,42,SetAwareMyopicMacro,0.13993920385837555,0.16495446860790253,76
892,42,SetAwareMyopicMacro,0.34578943252563477,0.15196196734905243,76
840,42,SetAwareMyopicMacro,0.07922302931547165,0.10373367369174957,76
826,42,SetAwareMyopicMacro,0.04569350183010101,0.18067632615566254,76
895,42,SetAwareMyopicMacro,0.5254111886024475,3.7952537536621094,76
915,42,SetAwareMyopicMacro,0.04555680602788925,0.04345833510160446,76
903,42,SetAwareMyopicMacro,0.04491664469242096,0.1329725682735443,76
991,42,SetAwareMyopicMacro,0.05411968752741814,0.06143210455775261,76
804,42,SetAwareMyopicMacro,0.046439751982688904,0.21260172128677368,76
970,42,SetAwareMyopicMacro,0.09560046344995499,0.15830186009407043,76
803,42,BeamBC,0.1133384108543396,0.17308373749256134,76
835,42,BeamBC,0.04568483307957649,0.049604225903749466,76
871,42,BeamBC,0.04714208096265793,0.05821838229894638,76
979,42,BeamBC,0.09092923998832703,0.14839249849319458,76
980,42,BeamBC,0.09183064848184586,0.15059049427509308,76
834,42,BeamBC,0.04467665031552315,0.1121332049369812,76
829,42,BeamBC,0.09968510270118713,0.14931435883045197,76
981,42,BeamBC,0.04685530439019203,0.06069767102599144,76
808,42,BeamBC,0.06575571745634079,0.06998520344495773,76
965,42,BeamBC,0.0491434670984745,0.06149127706885338,76
934,42,BeamBC,0.06714915484189987,0.06218583509325981,76
971,42,BeamBC,0.0717502236366272,0.0714685395359993,76
861,42,BeamBC,0.5213996767997742,0.33769524097442627,76
977,42,BeamBC,0.07649822533130646,0.08737131953239441,76
990,42,BeamBC,0.05773695930838585,0.058289241045713425,76
828,42,BeamBC,0.04526820778846741,0.1559673398733139,76
858,42,BeamBC,0.12217836081981659,0.16496101021766663,76
938,42,BeamBC,0.5539729595184326,1.8266335725784302,76
976,42,BeamBC,0.04468865692615509,0.11681047827005386,76
955,42,BeamBC,0.04472033306956291,0.12314746528863907,76
872,42,BeamBC,0.10138948261737823,0.15900395810604095,76
867,42,BeamBC,0.0749397873878479,0.08215556293725967,76
841,42,BeamBC,0.04474244266748428,0.07962270826101303,76
830,42,BeamBC,0.045769236981868744,0.05716700479388237,76
946,42,BeamBC,0.3331569731235504,0.20816738903522491,76
952,42,BeamBC,0.04503488168120384,0.1444345861673355,76
923,42,BeamBC,0.045502353459596634,0.05147690325975418,76
925,42,BeamBC,0.04589405655860901,0.18400119245052338,76
953,42,BeamBC,0.04490199312567711,0.136454775929451,76
846,42,BeamBC,0.1348937302827835,0.17930710315704346,76
930,42,BeamBC,0.06723499298095703,0.0581713542342186,76
863,42,BeamBC,0.04558546096086502,0.04561791941523552,76
899,42,BeamBC,0.05835190415382385,0.05804620310664177,76
821,42,BeamBC,0.06517323851585388,0.057734716683626175,76
910,42,BeamBC,0.11790674924850464,0.16572125256061554,76
921,42,BeamBC,0.14550107717514038,0.14801089465618134,76
909,42,BeamBC,0.12991797924041748,0.17407125234603882,76
843,42,BeamBC,0.0852537676692009,0.12215819954872131,76
902,42,BeamBC,0.059153929352760315,0.057802051305770874,76
957,42,BeamBC,0.04565945267677307,0.04294479265809059,76
852,42,BeamBC,0.06473978608846664,0.05746494606137276,76
856,42,BeamBC,0.13637204468250275,0.14729192852973938,76
906,42,BeamBC,0.10062889009714127,0.16009438037872314,76
869,42,BeamBC,0.08671649545431137,0.12079581618309021,76
839,42,BeamBC,0.055601879954338074,0.05948048084974289,76
908,42,BeamBC,0.09650950878858566,0.156519815325737,76
832,42,BeamBC,0.04691440984606743,0.21454545855522156,76
907,42,BeamBC,0.054708331823349,0.05984564125537872,76
920,42,BeamBC,0.5089693665504456,0.45128265023231506,76
837,42,BeamBC,0.06727763265371323,0.059454258531332016,76
864,42,BeamBC,0.14185097813606262,0.17607268691062927,76
875,42,BeamBC,0.04920895770192146,0.06245385855436325,76
935,42,BeamBC,0.16462349891662598,0.16487684845924377,76
967,42,BeamBC,0.06276001036167145,0.05732809752225876,76
900,42,BeamBC,0.14642202854156494,0.16207008063793182,76
891,42,BeamBC,0.0470852367579937,0.05785548314452171,76
927,42,BeamBC,0.047205716371536255,0.060966845601797104,76
956,42,BeamBC,0.14639824628829956,0.16283850371837616,76
964,42,BeamBC,0.08051010221242905,0.11026859283447266,76
806,42,BeamBC,0.04611818119883537,0.1929713934659958,76
983,42,BeamBC,0.12425369024276733,0.16344988346099854,76
888,42,BeamBC,0.34682178497314453,0.22212424874305725,76
845,42,BeamBC,0.10502570122480392,0.15133549273014069,76
929,42,BeamBC,0.08620843291282654,0.11950136721134186,76
865,42,BeamBC,0.05225514620542526,0.06119120866060257,76
939,42,BeamBC,0.08028552681207657,0.10074200481176376,76
995,42,BeamBC,0.046305254101753235,0.0609225369989872,76
932,42,BeamBC,0.045655276626348495,0.043337132781744,76
993,42,BeamBC,0.05031313747167587,0.062005121260881424,76
918,42,BeamBC,0.1279049664735794,0.1690519154071808,76
949,42,BeamBC,0.04558340087532997,0.041815999895334244,76
951,42,BeamBC,0.05480308085680008,0.05967050418257713,76
842,42,BeamBC,0.14637823402881622,0.1563573032617569,76
985,42,BeamBC,0.13952957093715668,0.16980187594890594,76
827,42,BeamBC,0.07938233762979507,0.09604689478874207,76
866,42,BeamBC,0.04701632261276245,0.06079573929309845,76
820,42,BeamBC,0.04965115711092949,0.062402356415987015,76
836,42,BeamBC,0.054493773728609085,0.06143669784069061,76
853,42,BeamBC,0.049997661262750626,0.06189426779747009,76
897,42,BeamBC,0.05584143474698067,0.058904144912958145,76
800,42,BeamBC,0.044674236327409744,0.10259515792131424,76
824,42,BeamBC,0.06500155478715897,0.057572655379772186,76
913,42,BeamBC,0.0746195912361145,0.08382303267717361,76
978,42,BeamBC,0.11594266444444656,0.1743929088115692,76
849,42,BeamBC,0.05948676913976669,0.05742731690406799,76
813,42,BeamBC,0.0586247593164444,0.05805095657706261,76
962,42,BeamBC,0.10649346560239792,0.17165257036685944,76
879,42,BeamBC,0.04549768567085266,0.05387178435921669,76
823,42,BeamBC,0.09634965658187866,0.15873388946056366,76
968,42,BeamBC,0.08887944370508194,0.1398419290781021,76
997,42,BeamBC,0.1461239904165268,0.18408001959323883,76
892,42,BeamBC,0.3318798542022705,0.16072684526443481,76
840,42,BeamBC,0.08049797266721725,0.10295644402503967,76
826,42,BeamBC,0.04561103880405426,0.17207418382167816,76
895,42,BeamBC,0.5067839622497559,2.981552839279175,76
915,42,BeamBC,0.045563794672489166,0.04383315518498421,76
903,42,BeamBC,0.044770631939172745,0.1276407241821289,76
991,42,BeamBC,0.054477423429489136,0.06111433357000351,76
804,42,BeamBC,0.04637297987937927,0.20275935530662537,76
970,42,BeamBC,0.09598612785339355,0.15830495953559875,76
803,42,ImmediateOnlyPI,0.1146031841635704,0.17365825176239014,76
835,42,ImmediateOnlyPI,0.045753393322229385,0.05014693737030029,76
871,42,ImmediateOnlyPI,0.04735802859067917,0.05850610136985779,76
979,42,ImmediateOnlyPI,0.09194988012313843,0.14852914214134216,76
980,42,ImmediateOnlyPI,0.09289678186178207,0.15073934197425842,76
834,42,ImmediateOnlyPI,0.04377163201570511,0.10824612528085709,76
829,42,ImmediateOnlyPI,0.10180139541625977,0.16686208546161652,76
981,42,ImmediateOnlyPI,0.046479176729917526,0.0606047660112381,76
808,42,ImmediateOnlyPI,0.06585809588432312,0.05874968320131302,76
965,42,ImmediateOnlyPI,0.05063299462199211,0.061144355684518814,76
934,42,ImmediateOnlyPI,0.07000777125358582,0.06122271716594696,76
971,42,ImmediateOnlyPI,0.07296396046876907,0.07108904421329498,76
861,42,ImmediateOnlyPI,0.44038110971450806,0.8284660577774048,76
977,42,ImmediateOnlyPI,0.07616613805294037,0.08820271492004395,76
990,42,ImmediateOnlyPI,0.05662492662668228,0.05806944519281387,76
828,42,ImmediateOnlyPI,0.04430403932929039,0.1666279286146164,76
858,42,ImmediateOnlyPI,0.12441730499267578,0.1761382520198822,76
938,42,ImmediateOnlyPI,0.5875089764595032,0.6692166328430176,76
976,42,ImmediateOnlyPI,0.043773867189884186,0.11257912218570709,76
955,42,ImmediateOnlyPI,0.04379517585039139,0.11848919838666916,76
872,42,ImmediateOnlyPI,0.10136652737855911,0.16748090088367462,76
867,42,ImmediateOnlyPI,0.07666996866464615,0.08207118511199951,76
841,42,ImmediateOnlyPI,0.043925829231739044,0.08840205520391464,76
830,42,ImmediateOnlyPI,0.04447700455784798,0.05451017618179321,76
946,42,ImmediateOnlyPI,0.40111640095710754,0.12714233994483948,76
952,42,ImmediateOnlyPI,0.044109344482421875,0.1529291570186615,76
923,42,ImmediateOnlyPI,0.04582216218113899,0.0515965111553669,76
925,42,ImmediateOnlyPI,0.044886212795972824,0.18818889558315277,76
953,42,ImmediateOnlyPI,0.0439930260181427,0.1447760909795761,76
846,42,ImmediateOnlyPI,0.13790804147720337,0.1611299216747284,76
930,42,ImmediateOnlyPI,0.0664360374212265,0.059466827660799026,76
863,42,ImmediateOnlyPI,0.045644231140613556,0.04576272889971733,76
899,42,ImmediateOnlyPI,0.056986235082149506,0.05796066299080849,76
821,42,ImmediateOnlyPI,0.06581420451402664,0.058483514934778214,76
910,42,ImmediateOnlyPI,0.12069688737392426,0.1754930019378662,76
921,42,ImmediateOnlyPI,0.1454329788684845,0.16965988278388977,76
909,42,ImmediateOnlyPI,0.1364113837480545,0.17442475259304047,76
843,42,ImmediateOnlyPI,0.08681889623403549,0.13666638731956482,76
902,42,ImmediateOnlyPI,0.059226859360933304,0.056257523596286774,76
957,42,ImmediateOnlyPI,0.045197390019893646,0.04646223410964012,76
852,42,ImmediateOnlyPI,0.06356295198202133,0.05668659135699272,76
856,42,ImmediateOnlyPI,0.14509251713752747,0.16540952026844025,76
906,42,ImmediateOnlyPI,0.10286597162485123,0.16844139993190765,76
869,42,ImmediateOnlyPI,0.08604675531387329,0.1353381723165512,76
839,42,ImmediateOnlyPI,0.05521094799041748,0.05973212793469429,76
908,42,ImmediateOnlyPI,0.09805161505937576,0.16191880404949188,76
832,42,ImmediateOnlyPI,0.04586830735206604,0.22637946903705597,76
907,42,ImmediateOnlyPI,0.05514657497406006,0.05922092869877815,76
920,42,ImmediateOnlyPI,0.37727248668670654,0.195172518491745,76
837,42,ImmediateOnlyPI,0.06806336343288422,0.05976150929927826,76
864,42,ImmediateOnlyPI,0.14431703090667725,0.16520395874977112,76
875,42,ImmediateOnlyPI,0.051670804619789124,0.061430469155311584,76
935,42,ImmediateOnlyPI,0.33320730924606323,0.16180992126464844,76
967,42,ImmediateOnlyPI,0.06247137114405632,0.05692125856876373,76
900,42,ImmediateOnlyPI,0.17128294706344604,0.16009466350078583,76
891,42,ImmediateOnlyPI,0.046452365815639496,0.05791126936674118,76
927,42,ImmediateOnlyPI,0.04674651473760605,0.06089290603995323,76
956,42,ImmediateOnlyPI,0.24068237841129303,0.15147767961025238,76
964,42,ImmediateOnlyPI,0.08115892112255096,0.11076104640960693,76
806,42,ImmediateOnlyPI,0.04510301351547241,0.1976274698972702,76
983,42,ImmediateOnlyPI,0.12975327670574188,0.17624260485172272,76
888,42,ImmediateOnlyPI,0.39224720001220703,0.1704035848379135,76
845,42,ImmediateOnlyPI,0.10481731593608856,0.17004814743995667,76
929,42,ImmediateOnlyPI,0.08586820214986801,0.13386380672454834,76
865,42,ImmediateOnlyPI,0.05265787988901138,0.060830771923065186,76
939,42,ImmediateOnlyPI,0.07789570838212967,0.10159701108932495,76
995,42,ImmediateOnlyPI,0.04738243669271469,0.05961789935827255,76
932,42,ImmediateOnlyPI,0.045196082442998886,0.04663306847214699,76
993,42,ImmediateOnlyPI,0.05144168436527252,0.06131574138998985,76
918,42,ImmediateOnlyPI,0.12899035215377808,0.17640335857868195,76
949,42,ImmediateOnlyPI,0.04562812298536301,0.046449847519397736,76
951,42,ImmediateOnlyPI,0.055240292102098465,0.05915571376681328,76
842,42,ImmediateOnlyPI,0.14676478505134583,0.17185387015342712,76
985,42,ImmediateOnlyPI,0.14210397005081177,0.16946034133434296,76
827,42,ImmediateOnlyPI,0.07693541049957275,0.09679491072893143,76
866,42,ImmediateOnlyPI,0.04658132046461105,0.06061646342277527,76
820,42,ImmediateOnlyPI,0.051146361976861954,0.061214469373226166,76
836,42,ImmediateOnlyPI,0.056006599217653275,0.0606306754052639,76
853,42,ImmediateOnlyPI,0.0516316182911396,0.06130840629339218,76
897,42,ImmediateOnlyPI,0.058349862694740295,0.058570656925439835,76
800,42,ImmediateOnlyPI,0.04379325732588768,0.09852903336286545,76
824,42,ImmediateOnlyPI,0.0645022988319397,0.05651590973138809,76
913,42,ImmediateOnlyPI,0.07594871520996094,0.08365994691848755,76
978,42,ImmediateOnlyPI,0.11591900140047073,0.17438432574272156,76
849,42,ImmediateOnlyPI,0.060140255838632584,0.05613202974200249,76
813,42,ImmediateOnlyPI,0.057213399559259415,0.05784862861037254,76
962,42,ImmediateOnlyPI,0.10841428488492966,0.17192745208740234,76
879,42,ImmediateOnlyPI,0.04578682780265808,0.05398332327604294,76
823,42,ImmediateOnlyPI,0.09490679204463959,0.158885657787323,76
968,42,ImmediateOnlyPI,0.08976763486862183,0.13985572755336761,76
997,42,ImmediateOnlyPI,0.13311441242694855,0.1621583104133606,76
892,42,ImmediateOnlyPI,0.3493722975254059,0.1844484955072403,76
840,42,ImmediateOnlyPI,0.07936062663793564,0.10364736616611481,76
826,42,ImmediateOnlyPI,0.0446246862411499,0.17726750671863556,76
895,42,ImmediateOnlyPI,0.4978025555610657,0.2874765694141388,76
915,42,ImmediateOnlyPI,0.04519829899072647,0.04700276628136635,76
903,42,ImmediateOnlyPI,0.043916258960962296,0.1281747817993164,76
991,42,ImmediateOnlyPI,0.05337704345583916,0.06082878261804581,76
804,42,ImmediateOnlyPI,0.04534081369638443,0.20771221816539764,76
970,42,ImmediateOnlyPI,0.0946640893816948,0.1584630310535431,76
803,42,RVPI,0.11017996817827225,0.1548829823732376,76
835,42,RVPI,0.04668739065527916,0.0509478822350502,76
871,42,RVPI,0.046557050198316574,0.07659026980400085,76
979,42,RVPI,0.09001561254262924,0.13386838138103485,76
980,42,RVPI,0.09177309274673462,0.13599573075771332,76
834,42,RVPI,0.04490131139755249,0.12073860317468643,76
829,42,RVPI,0.09921932220458984,0.14866556227207184,76
981,42,RVPI,0.0489983856678009,0.09498456120491028,76
808,42,RVPI,0.06376758962869644,0.086491659283638,76
965,42,RVPI,0.04981624707579613,0.10447495430707932,76
934,42,RVPI,0.0681702271103859,0.0750998854637146,76
971,42,RVPI,0.07147770375013351,0.09550433605909348,76
861,42,RVPI,0.40162068605422974,0.31449297070503235,76
977,42,RVPI,0.07548590004444122,0.10818642377853394,76
990,42,RVPI,0.05822938680648804,0.08177032321691513,76
828,42,RVPI,0.04532856494188309,0.18287508189678192,76
858,42,RVPI,0.11728359758853912,0.1547258049249649,76
938,42,RVPI,0.44242820143699646,0.22141271829605103,76
976,42,RVPI,0.04480930417776108,0.1185770183801651,76
955,42,RVPI,0.04476107284426689,0.12385009229183197,76
872,42,RVPI,0.09950942546129227,0.14885863661766052,76
867,42,RVPI,0.07387930154800415,0.1017574816942215,76
841,42,RVPI,0.04503234475851059,0.08933618664741516,76
830,42,RVPI,0.04581647366285324,0.056856006383895874,76
946,42,RVPI,0.3665023446083069,0.4419519305229187,76
952,42,RVPI,0.045106515288352966,0.16712920367717743,76
923,42,RVPI,0.04657243937253952,0.057655125856399536,76
925,42,RVPI,0.045955244451761246,0.19539955258369446,76
953,42,RVPI,0.04503375291824341,0.1488562971353531,76
846,42,RVPI,0.15743936598300934,0.1560024917125702,76
930,42,RVPI,0.06479139626026154,0.07378724217414856,76
863,42,RVPI,0.04696984216570854,0.060570720583200455,76
899,42,RVPI,0.05801565572619438,0.0864228829741478,76
821,42,RVPI,0.06359907239675522,0.08647767454385757,76
910,42,RVPI,0.11672970652580261,0.15712440013885498,76
921,42,RVPI,0.14474405348300934,0.1666049063205719,76
909,42,RVPI,0.12534937262535095,0.15243397653102875,76
843,42,RVPI,0.08618560433387756,0.11996455490589142,76
902,42,RVPI,0.06078209728002548,0.08127598464488983,76
957,42,RVPI,0.04644804447889328,0.05463447421789169,76
852,42,RVPI,0.06300659477710724,0.08905797451734543,76
856,42,RVPI,0.15072663128376007,0.14944463968276978,76
906,42,RVPI,0.09942828863859177,0.14956550300121307,76
869,42,RVPI,0.08734596520662308,0.11841503530740738,76
839,42,RVPI,0.05621159076690674,0.08194045722484589,76
908,42,RVPI,0.09605006873607635,0.1492222547531128,76
832,42,RVPI,0.04696992412209511,0.23480826616287231,76
907,42,RVPI,0.05671586096286774,0.07941358536481857,76
920,42,RVPI,0.36706045269966125,0.14097139239311218,76
837,42,RVPI,0.0677863210439682,0.0665816143155098,76
864,42,RVPI,0.14466112852096558,0.14403802156448364,76
875,42,RVPI,0.05222652852535248,0.09435706585645676,76
935,42,RVPI,0.137781023979187,0.15865002572536469,76
967,42,RVPI,0.061341095715761185,0.08206126093864441,76
900,42,RVPI,0.13450086116790771,0.16431547701358795,76
891,42,RVPI,0.04673164337873459,0.07634939253330231,76
927,42,RVPI,0.04802408069372177,0.09815273433923721,76
956,42,RVPI,0.14576049149036407,0.16584202647209167,76
964,42,RVPI,0.0805346667766571,0.10854280740022659,76
806,42,RVPI,0.04616708308458328,0.20984268188476562,76
983,42,RVPI,0.12261109054088593,0.15430550277233124,76
888,42,RVPI,0.35477012395858765,0.12268169969320297,76
845,42,RVPI,0.1035768911242485,0.1528521329164505,76
929,42,RVPI,0.08699049800634384,0.11706196516752243,76
865,42,RVPI,0.05327048525214195,0.0909782275557518,76
939,42,RVPI,0.07936503738164902,0.12181594222784042,76
995,42,RVPI,0.047644391655921936,0.08664897084236145,76
932,42,RVPI,0.04645663499832153,0.05192091688513756,76
993,42,RVPI,0.0524316132068634,0.08301401138305664,76
918,42,RVPI,0.12305841594934464,0.15334367752075195,76
949,42,RVPI,0.04522921144962311,0.051222845911979675,76
951,42,RVPI,0.05681699514389038,0.07940886169672012,76
842,42,RVPI,0.14259549975395203,0.16933630406856537,76
985,42,RVPI,0.1394084393978119,0.15074296295642853,76
827,42,RVPI,0.07811830937862396,0.1200578510761261,76
866,42,RVPI,0.048482321202754974,0.10027395933866501,76
820,42,RVPI,0.052522093057632446,0.08305183053016663,76
836,42,RVPI,0.052686989307403564,0.0908406525850296,76
853,42,RVPI,0.05266902595758438,0.08322760462760925,76
897,42,RVPI,0.056201789528131485,0.08147796988487244,76
800,42,RVPI,0.04494622349739075,0.10492976009845734,76
824,42,RVPI,0.06330382823944092,0.08225558698177338,76
913,42,RVPI,0.07528223097324371,0.10502923280000687,76
978,42,RVPI,0.11170797049999237,0.15481388568878174,76
849,42,RVPI,0.060013726353645325,0.08178327977657318,76
813,42,RVPI,0.05851044878363609,0.08144316077232361,76
962,42,RVPI,0.10621589422225952,0.15337947010993958,76
879,42,RVPI,0.04636736959218979,0.05355402082204819,76
823,42,RVPI,0.09398835897445679,0.14440177381038666,76
968,42,RVPI,0.08836432546377182,0.12473759055137634,76
997,42,RVPI,0.1446613371372223,0.14500752091407776,76
892,42,RVPI,0.32080942392349243,0.16676507890224457,76
840,42,RVPI,0.07983574271202087,0.12756605446338654,76
826,42,RVPI,0.045667003840208054,0.18312205374240875,76
895,42,RVPI,0.5216460824012756,3.0420196056365967,76
915,42,RVPI,0.04679703339934349,0.057670708745718,76
903,42,RVPI,0.044932495802640915,0.14009082317352295,76
991,42,RVPI,0.05271542817354202,0.0927148163318634,76
804,42,RVPI,0.046409428119659424,0.21815834939479828,76
970,42,RVPI,0.09372555464506149,0.1440223902463913,76
