ActionSpace,LatentDim,ExplainedVariance,Continuation,K20GreedyError,K20LongError,RelativeSequentialGain,PositiveCaseRate,ActionsDifferentRate
LowFrequency16,16,,FixedContraction,0.1334941562963649,0.1309082184452563,0.0193711689174444,0.921875,0.546875
PCA16,16,0.9937668442726135,FixedContraction,0.12160996941383928,0.12252296012593433,-0.007507531796082774,0.09375,0.56875
PCA16,16,0.9937668442726135,GreedyLocal,0.12160996941383928,0.12521055433899164,-0.029607646005563527,0.0,0.84140625
PCA32,32,0.999908983707428,FixedContraction,0.12139831186505035,0.12215972185367718,-0.006271998159852846,0.171875,0.56640625
PCA32,32,0.999908983707428,GreedyLocal,0.12139831186505035,0.12545206811046228,-0.033392196177474014,0.0,0.825
PCA64,64,0.9999291300773621,FixedContraction,0.12139679241226986,0.1221842176746577,-0.006486376177994098,0.21875,0.5640625
PCA64,64,0.9999291300773621,GreedyLocal,0.12139679241226986,0.12531021831091493,-0.03223664992197548,0.0,0.8390625
PCA96,96,0.9999353885650635,FixedContraction,0.12127648136811331,0.12204129970632493,-0.006306402771450427,0.25,0.53984375
PCA96,96,0.9999353885650635,GreedyLocal,0.12127648136811331,0.1253849546192214,-0.03387691665160977,0.0,0.83046875
