Case,Horizon,GreedyFinalError,LongFinalError,AbsoluteOracleGain,RelativeOracleGain,ActionsDifferent
854,5,0.13237881660461426,0.13237881660461426,0.0,0.0,False
854,10,0.13219398260116577,0.13219398260116577,0.0,0.0,False
854,20,0.13353821635246277,0.1334008127450943,0.00013740360736846924,0.001028945953612291,True
893,5,0.13893954455852509,0.13761070370674133,0.0013288408517837524,0.009564165882406566,True
893,10,0.13893954455852509,0.1365099996328354,0.0024295449256896973,0.017486345830551555,True
893,20,0.13893954455852509,0.13661442697048187,0.002325117588043213,0.016734743124653114,True
998,5,0.14346373081207275,0.14346373081207275,0.0,0.0,False
998,10,0.14328216016292572,0.14328216016292572,0.0,0.0,False
998,20,0.14388543367385864,0.14388543367385864,0.0,0.0,False
802,5,0.14159245789051056,0.14131198823451996,0.0002804696559906006,0.001980823415096585,True
802,10,0.14189055562019348,0.14146660268306732,0.00042395293712615967,0.002987886933510773,True
802,20,0.1427917182445526,0.14049623906612396,0.00229547917842865,0.016075716481661013,True
919,5,0.14163804054260254,0.14163804054260254,0.0,0.0,False
919,10,0.14157065749168396,0.14157065749168396,0.0,0.0,False
919,20,0.14278273284435272,0.14278273284435272,0.0,0.0,False
860,5,0.1424548625946045,0.1420050412416458,0.0004498213529586792,0.0031576412680188585,True
860,10,0.1424548625946045,0.1406712383031845,0.001783624291419983,0.012520627649586025,True
860,20,0.1424548625946045,0.13908569514751434,0.003369167447090149,0.023650771800454898,True
847,5,0.12997175753116608,0.12997175753116608,0.0,0.0,False
847,10,0.12997175753116608,0.12997175753116608,0.0,0.0,False
847,20,0.12997175753116608,0.12997175753116608,0.0,0.0,False
982,5,0.12276656180620193,0.12276656180620193,0.0,0.0,False
982,10,0.12276656180620193,0.12204643338918686,0.0007201284170150757,0.005865835178734281,True
982,20,0.12276656180620193,0.1213095411658287,0.00145702064037323,0.011868220620801194,True
816,5,0.14304661750793457,0.14304661750793457,0.0,0.0,False
816,10,0.1429469883441925,0.1429469883441925,0.0,0.0,False
816,20,0.1438787877559662,0.1422795206308365,0.0015992671251296997,0.011115378090634374,True
911,5,0.1432613879442215,0.1432613879442215,0.0,0.0,False
911,10,0.1431722342967987,0.1431722342967987,0.0,0.0,False
911,20,0.14401695132255554,0.1431722640991211,0.0008446872234344482,0.005865193060104416,True
969,5,0.13842587172985077,0.13815227150917053,0.0002736002206802368,0.001976510729252908,True
969,10,0.13859684765338898,0.1355113536119461,0.003085494041442871,0.02226236811070374,True
969,20,0.1390460580587387,0.13578350841999054,0.003262549638748169,0.023463805333984622,True
914,5,0.1404881477355957,0.1404881477355957,0.0,0.0,False
914,10,0.1404900699853897,0.1404900699853897,0.0,0.0,False
914,20,0.14179877936840057,0.14073120057582855,0.0010675787925720215,0.0075288292136732465,True
937,5,0.1256861835718155,0.12489956617355347,0.0007866173982620239,0.006258582891989562,True
937,10,0.1256861835718155,0.12274454534053802,0.002941638231277466,0.02340462688642822,True
937,20,0.1256861835718155,0.12326456606388092,0.0024216175079345703,0.019267173519919068,True
810,5,0.13613492250442505,0.13608109951019287,5.3822994232177734e-05,0.0003953650778361315,True
810,10,0.13613492250442505,0.13435502350330353,0.001779899001121521,0.013074521719903764,True
810,20,0.13613492250442505,0.1341894119977951,0.0019455105066299438,0.01429104649151804,True
912,5,0.1413005292415619,0.1413005292415619,0.0,0.0,False
912,10,0.14150862395763397,0.14150862395763397,0.0,0.0,False
912,20,0.14244444668293,0.1415780633687973,0.0008663833141326904,0.006082254059796313,True
886,5,0.1387018859386444,0.1387018859386444,0.0,0.0,False
886,10,0.13878370821475983,0.13878370821475983,0.0,0.0,False
886,20,0.13987094163894653,0.13850368559360504,0.0013672560453414917,0.009775125764655498,True
887,5,0.14187933504581451,0.14187933504581451,0.0,0.0,False
887,10,0.14204667508602142,0.14204667508602142,0.0,0.0,False
887,20,0.1432235985994339,0.14268147945404053,0.0005421191453933716,0.0037851244536144086,True
833,5,0.14314255118370056,0.14314255118370056,0.0,0.0,False
833,10,0.1438669115304947,0.1428811103105545,0.0009858012199401855,0.0068521747596648076,True
833,20,0.14511491358280182,0.14276432991027832,0.0023505836725234985,0.016198084776326366,True
822,5,0.138694167137146,0.138694167137146,0.0,0.0,False
822,10,0.13871034979820251,0.13871034979820251,0.0,0.0,False
822,20,0.13987281918525696,0.13958296179771423,0.0002898573875427246,0.002072292452751796,True
963,5,0.13783635199069977,0.13783635199069977,0.0,0.0,False
963,10,0.1380573958158493,0.13798788189888,6.951391696929932e-05,0.0005035146183839501,True
963,20,0.13867005705833435,0.13735002279281616,0.0013200342655181885,0.009519245131361629,True
809,5,0.1328938752412796,0.1328938752412796,0.0,0.0,False
809,10,0.13352201879024506,0.13135720789432526,0.0021648108959198,0.016213137844482306,True
809,20,0.13466182351112366,0.13215014338493347,0.0025116801261901855,0.018651760838384233,True
819,5,0.13990497589111328,0.13990497589111328,0.0,0.0,False
819,10,0.14056067168712616,0.13763782382011414,0.002922847867012024,0.020794208165979655,True
819,20,0.14187872409820557,0.13838958740234375,0.0034891366958618164,0.02459238845034092,True
877,5,0.14051741361618042,0.14051741361618042,0.0,0.0,False
877,10,0.14066268503665924,0.13593856990337372,0.0047241151332855225,0.03358470750117085,True
877,20,0.14152143895626068,0.13718773424625397,0.004333704710006714,0.030622248769998094,True
817,5,0.14046962559223175,0.14046962559223175,0.0,0.0,False
817,10,0.14078718423843384,0.14078718423843384,0.0,0.0,False
817,20,0.1421915888786316,0.1418464332818985,0.00034515559673309326,0.002427398128504652,True
987,5,0.1386982947587967,0.13845491409301758,0.00024338066577911377,0.0017547487963162414,True
987,10,0.13933461904525757,0.1389089673757553,0.0004256516695022583,0.003054888099015805,True
987,20,0.14064274728298187,0.13913598656654358,0.0015067607164382935,0.010713390811447945,True
954,5,0.1328229159116745,0.13157036900520325,0.0012525469064712524,0.009430201843363985,True
954,10,0.1328229159116745,0.13053518533706665,0.002287730574607849,0.017223914705570536,True
954,20,0.1328229159116745,0.13107134401798248,0.0017515718936920166,0.013187271802230189,True
890,5,0.14496544003486633,0.14371807873249054,0.0012473613023757935,0.008604542586672965,True
890,10,0.14496544003486633,0.14299841225147247,0.00196702778339386,0.013568942935093775,True
890,20,0.14496544003486633,0.14168597757816315,0.003279462456703186,0.022622374380503567,True
831,5,0.16927596926689148,0.16927596926689148,0.0,0.0,False
831,10,0.16927596926689148,0.16927596926689148,0.0,0.0,False
831,20,0.16927596926689148,0.16927596926689148,0.0,0.0,False
862,5,0.11998606473207474,0.11832402646541595,0.001662038266658783,0.01385192747482855,True
862,10,0.11998606473207474,0.11728774011135101,0.0026983246207237244,0.022488650050728823,True
862,20,0.11998606473207474,0.1180611252784729,0.0019249394536018372,0.016043025145463092,True
986,5,0.12837353348731995,0.12837353348731995,0.0,0.0,False
986,10,0.12837353348731995,0.12837353348731995,0.0,0.0,False
986,20,0.12837353348731995,0.12807056307792664,0.00030297040939331055,0.0023600690980686945,True
905,5,0.1216655895113945,0.1216655895113945,0.0,0.0,False
905,10,0.1216655895113945,0.1216655895113945,0.0,0.0,False
905,20,0.1216655895113945,0.1197395920753479,0.0019259974360466003,0.015830256063208592,True
917,5,0.13615599274635315,0.13615599274635315,0.0,0.0,False
917,10,0.13753822445869446,0.13753822445869446,0.0,0.0,False
917,20,0.13981324434280396,0.1375497728586197,0.002263471484184265,0.016189249414987655,True
873,5,0.13697457313537598,0.13697457313537598,0.0,0.0,False
873,10,0.13749881088733673,0.13749881088733673,0.0,0.0,False
873,20,0.13859616219997406,0.13751503825187683,0.001081123948097229,0.007800533080687506,True
950,5,0.1408095806837082,0.1408095806837082,0.0,0.0,False
950,10,0.14146913588047028,0.14146913588047028,0.0,0.0,False
950,20,0.14302551746368408,0.14302551746368408,0.0,0.0,False
850,5,0.12844283878803253,0.12844283878803253,0.0,0.0,False
850,10,0.12844283878803253,0.12844283878803253,0.0,0.0,False
850,20,0.12844283878803253,0.12844283878803253,0.0,0.0,False
868,5,0.11582893878221512,0.11582893878221512,0.0,0.0,False
868,10,0.11582893878221512,0.11443343013525009,0.0013955086469650269,0.012048013748868942,True
868,20,0.11582893878221512,0.1145457774400711,0.0012831613421440125,0.011078072160849623,True
928,5,0.1381816267967224,0.1381816267967224,0.0,0.0,False
928,10,0.13896992802619934,0.13896992802619934,0.0,0.0,False
928,20,0.1406073272228241,0.1399783194065094,0.0006290078163146973,0.00447350667094249,True
889,5,0.1314532309770584,0.13125649094581604,0.0001967400312423706,0.0014966542075843402,True
889,10,0.1314532309770584,0.13000598549842834,0.001447245478630066,0.011009584685542216,True
889,20,0.1314532309770584,0.12957553565502167,0.0018776953220367432,0.014284132144035653,True
960,5,0.1429632604122162,0.1429632604122162,0.0,0.0,False
960,10,0.1428191214799881,0.1428191214799881,0.0,0.0,False
960,20,0.14357627928256989,0.1432752013206482,0.0003010779619216919,0.0020969895823052063,True
811,5,0.1415262222290039,0.1415262222290039,0.0,0.0,False
811,10,0.14201024174690247,0.14201024174690247,0.0,0.0,False
811,20,0.14324970543384552,0.14278292655944824,0.00046677887439727783,0.003258497970265231,True
944,5,0.13482066988945007,0.13482066988945007,0.0,0.0,False
944,10,0.13573840260505676,0.13464738428592682,0.0010910183191299438,0.008037654032988445,True
944,20,0.13712309300899506,0.13519549369812012,0.001927599310874939,0.01405743750798045,True
881,5,0.12556317448616028,0.12556317448616028,0.0,0.0,False
881,10,0.12556317448616028,0.1255016326904297,6.154179573059082e-05,0.0004901261534875739,True
881,20,0.12556317448616028,0.12447892129421234,0.001084253191947937,0.008635120897388946,True
882,5,0.13090550899505615,0.13090550899505615,0.0,0.0,False
882,10,0.13140079379081726,0.12947118282318115,0.0019296109676361084,0.014684926262378151,True
882,20,0.13243451714515686,0.1301015168428421,0.0023330003023147583,0.017616255585072568,True
898,5,0.11523512750864029,0.11523512750864029,0.0,0.0,False
898,10,0.11523512750864029,0.11523512750864029,0.0,0.0,False
898,20,0.11523512750864029,0.11425739526748657,0.000977732241153717,0.008484671838284788,True
848,5,0.13439956307411194,0.13439956307411194,0.0,0.0,False
848,10,0.13523247838020325,0.13523247838020325,0.0,0.0,False
848,20,0.13653123378753662,0.13509900867938995,0.0014322251081466675,0.010490091303030542,True
973,5,0.14053022861480713,0.14053022861480713,0.0,0.0,False
973,10,0.14130888879299164,0.14130888879299164,0.0,0.0,False
973,20,0.1431172639131546,0.1431172639131546,0.0,0.0,False
838,5,0.11962562054395676,0.11962562054395676,0.0,0.0,False
838,10,0.11962562054395676,0.11962562054395676,0.0,0.0,False
838,20,0.11962562054395676,0.11962562054395676,0.0,0.0,False
924,5,0.1291295439004898,0.1291295439004898,0.0,0.0,False
924,10,0.1291295439004898,0.1291295439004898,0.0,0.0,False
924,20,0.1291295439004898,0.1291295439004898,0.0,0.0,False
812,5,0.142062708735466,0.142062708735466,0.0,0.0,False
812,10,0.14210641384124756,0.14184071123600006,0.00026570260524749756,0.0018697439338967766,True
812,20,0.14293788373470306,0.14041873812675476,0.0025191456079483032,0.017624058382058546,True
945,5,0.14296306669712067,0.14275546371936798,0.00020760297775268555,0.0014521441274935015,True
945,10,0.14294302463531494,0.14266249537467957,0.000280529260635376,0.0019625250084855804,True
945,20,0.143873393535614,0.14367012679576874,0.00020326673984527588,0.0014128167470725558,True
933,5,0.1411874145269394,0.14048916101455688,0.0006982535123825073,0.004945579000239263,True
933,10,0.1411874145269394,0.1398216038942337,0.0013658106327056885,0.009673742077379593,True
933,20,0.1411874145269394,0.13966041803359985,0.0015269964933395386,0.010815386757069475,True
851,5,0.143267422914505,0.143267422914505,0.0,0.0,False
851,10,0.14306432008743286,0.14306432008743286,0.0,0.0,False
851,20,0.14387908577919006,0.14343559741973877,0.00044348835945129395,0.003082368483574545,True
844,5,0.14245697855949402,0.14245697855949402,0.0,0.0,False
844,10,0.14235490560531616,0.14235490560531616,0.0,0.0,False
844,20,0.143390491604805,0.1427566260099411,0.0006338655948638916,0.0044205552806867625,True
916,5,0.13976635038852692,0.1395585685968399,0.00020778179168701172,0.0014866367413144388,True
916,10,0.14006884396076202,0.13958178460597992,0.0004870593547821045,0.0034772854619871505,True
916,20,0.14095841348171234,0.13988858461380005,0.0010698288679122925,0.0075896772777673885,True
855,5,0.14199844002723694,0.14199844002723694,0.0,0.0,False
855,10,0.14200447499752045,0.14200447499752045,0.0,0.0,False
855,20,0.1432235985994339,0.14156648516654968,0.0016571134328842163,0.011570114485943144,True
883,5,0.13860586285591125,0.13860586285591125,0.0,0.0,False
883,10,0.13970477879047394,0.13970477879047394,0.0,0.0,False
883,20,0.14186333119869232,0.14123526215553284,0.0006280690431594849,0.004427282496840694,True
874,5,0.1303931623697281,0.12973780930042267,0.0006553530693054199,0.005025977262881124,True
874,10,0.1303931623697281,0.12849029898643494,0.0019028633832931519,0.014593275818386917,True
874,20,0.1303931623697281,0.12855888903141022,0.001834273338317871,0.014067250958426895,True
896,5,0.131340891122818,0.13122743368148804,0.00011345744132995605,0.0008638394361422523,True
896,10,0.13136529922485352,0.12889903783798218,0.002466261386871338,0.018774070484549515,True
896,20,0.1317015439271927,0.12927153706550598,0.0024300068616867065,0.018450860857258167,True
818,5,0.13511008024215698,0.13511008024215698,0.0,0.0,False
818,10,0.13611547648906708,0.13611547648906708,0.0,0.0,False
818,20,0.138301819562912,0.138301819562912,0.0,0.0,False
940,5,0.12861938774585724,0.1279584914445877,0.0006608963012695312,0.005138387865563591,True
940,10,0.12861938774585724,0.12678153812885284,0.0018378496170043945,0.014289055866413037,True
940,20,0.12861938774585724,0.12714159488677979,0.0014777928590774536,0.01148965863527097,True
958,5,0.14215469360351562,0.14170213043689728,0.00045256316661834717,0.0031835963705890247,True
958,10,0.14216086268424988,0.14159946143627167,0.0005614012479782104,0.003949056282987853,True
958,20,0.14313122630119324,0.14276519417762756,0.00036603212356567383,0.002557318434451381,True
943,5,0.13408757746219635,0.13352471590042114,0.0005628615617752075,0.004197715943774855,True
943,10,0.13408757746219635,0.13207171857357025,0.0020158588886260986,0.015033897448064753,True
943,20,0.13408757746219635,0.13243381679058075,0.0016537606716156006,0.012333436869510522,True
941,5,0.13258996605873108,0.13072897493839264,0.00186099112033844,0.014035685924484731,True
941,10,0.13258996605873108,0.12951435148715973,0.00307561457157135,0.023196435318559465,True
941,20,0.13258996605873108,0.12980414927005768,0.002785816788673401,0.021010766285583148,True
859,5,0.14282235503196716,0.14244383573532104,0.00037851929664611816,0.002650280458975741,True
859,10,0.1428876370191574,0.14225834608078003,0.0006292909383773804,0.004404096474021817,True
859,20,0.14375896751880646,0.14122843742370605,0.002530530095100403,0.01760258952033278,True
