Method,Steps,Relative L2 mean,Relative L2 std,Relative L2 median,Relative L2 seed mean,Relative L2 seed std,PDE residual norm mean,PDE residual norm std,PDE residual norm median,PDE residual norm seed mean,PDE residual norm seed std,BC error mean,BC error std,BC error median,BC error seed mean,BC error seed std,IC error mean,IC error std,IC error median,IC error seed mean,IC error seed std,wall time mean,wall time std,wall time median,wall time seed mean,wall time seed std,solver steps mean,solver steps std,solver steps median,solver steps seed mean,solver steps seed std,action norm mean,action norm std,action norm median,action norm seed mean,action norm seed std,return mean,return std,return median,return seed mean,return seed std,paired improvement mean,paired improvement std,paired improvement median,paired improvement seed mean,paired improvement seed std,Samples
Base FNO Initializer,1,0.324434488321896,0.11568951472114827,0.3018418401479721,0.324434488321896,0.045517804791384946,1593.7128361066182,1445.5872597212222,957.8336181640625,1593.7128361066182,55.76888002299446,0.0,0.0,0.0,0.0,0.0,0.00724547915160656,0.03054643973868761,0.0,0.00724547915160656,0.0,2.9416685854947126e-06,8.925387732748396e-06,1.800013706088066e-06,2.9416685854947126e-06,1.2379445680486639e-06,0.0,0.0,0.0,0.0,0.0,0.0,0.0,0.0,0.0,0.0,0.0,0.0,0.0,0.0,0.0,0.0,0.0,0.0,0.0,0.0,108
Base FNO Initializer,2,0.324434488321896,0.11568951472114827,0.3018418401479721,0.324434488321896,0.045517804791384946,1593.7128361066182,1445.5872597212222,957.8336181640625,1593.7128361066182,55.76888002299446,0.0,0.0,0.0,0.0,0.0,0.00724547915160656,0.03054643973868761,0.0,0.00724547915160656,0.0,1.9620379639996422e-06,1.441239607465978e-06,1.7999554984271526e-06,1.9620379639996422e-06,2.8942549298411864e-07,0.0,0.0,0.0,0.0,0.0,0.0,0.0,0.0,0.0,0.0,0.0,0.0,0.0,0.0,0.0,0.0,0.0,0.0,0.0,0.0,108
Base FNO Initializer,5,0.324434488321896,0.11568951472114827,0.3018418401479721,0.324434488321896,0.045517804791384946,1593.7128361066182,1445.5872597212222,957.8336181640625,1593.7128361066182,55.76888002299446,0.0,0.0,0.0,0.0,0.0,0.00724547915160656,0.03054643973868761,0.0,0.00724547915160656,0.0,1.7398108159088426e-06,3.3303602363474854e-07,1.700012944638729e-06,1.7398108159088424e-06,5.756852559245096e-08,0.0,0.0,0.0,0.0,0.0,0.0,0.0,0.0,0.0,0.0,0.0,0.0,0.0,0.0,0.0,0.0,0.0,0.0,0.0,0.0,108
Base FNO Initializer,10,0.324434488321896,0.11568951472114827,0.3018418401479721,0.324434488321896,0.045517804791384946,1593.7128361066182,1445.5872597212222,957.8336181640625,1593.7128361066182,55.76888002299446,0.0,0.0,0.0,0.0,0.0,0.00724547915160656,0.03054643973868761,0.0,0.00724547915160656,0.0,2.00277847600066e-06,1.9801082572205052e-06,1.700012944638729e-06,2.0027784760006602e-06,3.6920699382930095e-07,0.0,0.0,0.0,0.0,0.0,0.0,0.0,0.0,0.0,0.0,0.0,0.0,0.0,0.0,0.0,0.0,0.0,0.0,0.0,0.0,108
Best Actual RL Policy,1,0.33980992395016885,0.12300441692071691,0.3029105216264725,0.33980992395016885,0.046586152993970426,1550.431139257219,1392.7932020185838,973.4187927246094,1550.431139257219,32.295503695805905,0.0,0.0,0.0,0.0,0.0,0.00724547915160656,0.030546439738687616,0.0,0.00724547915160656,0.0,0.02119953333345216,0.003940344220374244,0.02129649999551475,0.02119953333345216,0.00048683055582740727,1.0,0.0,1.0,1.0,0.0,0.009517267443394909,0.0035546183147740157,0.009406819008290768,0.009517267443394909,0.0003462950375655461,0.005084902841998782,0.013965599594714327,0.006518043577671051,0.005084902841998782,0.0025460883350913515,0.0017822161316871643,0.0031097214708057114,0.0016061440110206604,0.0017822161316871643,0.0005800508790545994,72
Best Actual RL Policy,2,0.33831873411933583,0.12269913500444302,0.30055180191993713,0.3383187341193358,0.04611118675933942,1518.2549155155818,1371.8778335793504,963.6712036132812,1518.2549155155816,10.160146964920955,0.0,0.0,0.0,0.0,0.0,0.00724547915160656,0.030546439738687616,0.0,0.00724547915160656,0.0,0.04169836666632262,0.00687310096785963,0.04292164999060333,0.04169836666632262,0.002381516664980963,2.0,0.0,2.0,2.0,0.0,0.009341301634170426,0.0035974253395112607,0.008910367032513022,0.009341301634170424,0.0005197582957205465,0.009266587445987776,0.02782398723071985,0.012826032470911741,0.009266587445987776,0.004718085019703721,0.0032734059625201756,0.006227341782959871,0.0032165274024009705,0.0032734059625201756,0.001055017113685608,72
Best Actual RL Policy,5,0.3355697836312983,0.12138491845471547,0.29482701420783997,0.3355697836312983,0.04516207219825849,1467.3540860149596,1336.160954232988,944.7213745117188,1467.3540860149596,31.37267932626935,0.0,0.0,0.0,0.0,0.0,0.00724547915160656,0.030546439738687616,0.0,0.00724547915160656,0.0,0.10748937222362859,0.006597518639733198,0.10775389999616891,0.10748937222362859,0.0030483805571243014,5.0,0.0,5.0,5.0,0.0,0.009181394942182427,0.00364400058574712,0.00858389139175415,0.009181394942182428,0.0006646616714230435,0.016450589829118043,0.07210183759541854,0.02854781283531338,0.016450589829118043,0.009487795833289663,0.006022356450557709,0.01726995092882901,0.006812743842601776,0.006022356450557709,0.0020041316747665405,72
Best Actual RL Policy,10,0.3343480666064554,0.12031115479904902,0.29034407436847687,0.3343480666064554,0.04379037043286693,1441.876526647144,1320.948571939868,915.0648193359375,1441.876526647144,80.89484058486096,0.0,0.0,0.0,0.0,0.0,0.00724547915160656,0.030546439738687616,0.0,0.00724547915160656,0.0,0.20886158749797484,0.021208684213939295,0.21223294996889308,0.20886158749797484,0.007702043056876093,10.0,0.0,10.0,10.0,0.0,0.009245639410801233,0.0036745052393698714,0.009050281322561204,0.009245639410801232,0.0005918277382281501,0.01980728252481217,0.1362767030432257,0.04116496775532141,0.019807282524812172,0.01566991009016603,0.007244073475400607,0.03781532768305759,0.011193953454494476,0.007244073475400606,0.003375833440158102,72
Gradient baseline,1,0.3242628441916572,0.1158348649786932,0.3019073009490967,0.3242628441916572,0.04546622589114777,1523.8303487565781,1392.4757678524643,905.3306579589844,1523.8303487565781,30.837170118636962,0.0,0.0,0.0,0.0,0.0,0.00724547915160656,0.03054643973868761,0.0,0.00724547915160656,0.0,0.008498038890711204,0.0013997165932808486,0.008586400013882667,0.008498038890711204,0.0003016118749337163,1.0,0.0,1.0,1.0,0.0,0.008922114278431292,0.0003754165207073126,0.009057831484824419,0.008922114278431292,0.00032992629778596903,0.0007075392539398443,0.0023985653195389115,0.000578966923058033,0.0007075392539398444,0.00010228130992472463,0.00017164413023878028,0.0004881189837987128,0.00014606118202209473,0.00017164413023878028,5.384443457813151e-05,108
Gradient baseline,2,0.32403224472094466,0.116073662932381,0.3016844093799591,0.32403224472094466,0.04545217555086414,1493.7708941212406,1349.7402592382516,914.2467041015625,1493.7708941212406,12.280059928484851,0.0,0.0,0.0,0.0,0.0,0.00724547915160656,0.03054643973868761,0.0,0.00724547915160656,0.0,0.016879637958481908,0.0021215241757677975,0.016873199987458065,0.016879637958481908,0.0006590693496485423,2.0,0.0,2.0,2.0,0.0,0.00906610316855626,0.00040616050262347303,0.009208197705447674,0.00906610316855626,0.00034691128066121414,0.0017760482027100537,0.002253228223907384,0.0014237936702556908,0.0017760482027100535,0.0003144265947255205,0.0004022436009513007,0.000607510044277711,0.0003652423620223999,0.0004022436009513007,7.83836832241348e-05,108
Gradient baseline,5,0.32381253592945913,0.11645369306032094,0.3010396212339401,0.3238125359294591,0.04538126807149146,1458.2320928573608,1308.5469648979097,908.0108642578125,1458.2320928573608,20.928059638560892,0.0,0.0,0.0,0.0,0.0,0.00724547915160656,0.03054643973868761,0.0,0.00724547915160656,0.0,0.040166129630287525,0.005030695537864124,0.0414118500193581,0.040166129630287525,0.000800839545325656,5.0,0.0,5.0,5.0,0.0,0.00958353536617425,0.0005407995846257227,0.009801966883242131,0.009583535366174248,0.00034731635551984714,0.0028774778872810167,0.004055719607872618,0.0026908920553978533,0.002877477887281017,0.0001756467157602997,0.0006219523924368399,0.0011389631929863127,0.0007151737809181213,0.0006219523924368399,0.00013674471219772365,108
Gradient baseline,10,0.3233612735790235,0.11701673487389902,0.299327552318573,0.3233612735790235,0.04527190162386882,1432.3639129356102,1281.9921324986524,900.9989318847656,1432.36391293561,36.0254319306271,0.0,0.0,0.0,0.0,0.0,0.00724547915160656,0.03054643973868761,0.0,0.00724547915160656,0.0,0.07992732314569703,0.008258545352803143,0.08186635002493858,0.07992732314569703,0.0019631262069143645,10.0,0.0,10.0,10.0,0.0,0.00986173684294853,0.00032026265805113407,0.009954893309623004,0.009861736842948528,0.00019836068787287066,0.005001795015817623,0.006334887707919249,0.0049603316219872795,0.005001795015817623,0.00040441396011687983,0.00107321474287245,0.0018436942141883573,0.0013191476464271545,0.00107321474287245,0.0002461767319890816,108
PINN-style baseline,1,0.3244320140392692,0.11569301014087263,0.30184105038642883,0.3244320140392692,0.045517370348484486,1593.1796497150704,1445.3467276146134,957.2921752929688,1593.1796497150706,55.67463777007895,0.0,0.0,0.0,0.0,0.0,0.00724547915160656,0.03054643973868761,0.0,0.00724547915160656,0.0,0.022963800920815965,0.008153537247866301,0.02216415002476424,0.022963800920815968,0.000500138120311732,1.0,0.0,1.0,1.0,0.0,6.557044286671078e-05,3.268832908019995e-07,6.568605385837145e-05,6.557044286671078e-05,7.056005728519095e-08,1.2326965703992857e-05,3.554182655823521e-05,8.940472184804094e-08,1.2326965703992855e-05,3.371732182049263e-06,2.4742826267525003e-06,8.66888713562706e-06,1.4901161193847656e-08,2.4742826267525003e-06,5.008482714583382e-07,108
PINN-style baseline,2,0.3244296281977936,0.11569639558228813,0.3018404394388199,0.3244296281977936,0.04551691816762785,1592.6507280402714,1445.1061413431946,956.75537109375,1592.6507280402714,55.58030981521359,0.0,0.0,0.0,0.0,0.0,0.00724547915160656,0.03054643973868761,0.0,0.00724547915160656,0.0,0.04386548241180006,0.006589952652746432,0.04337055000360124,0.04386548241180006,0.002259225615769544,2.0,0.0,2.0,2.0,0.0,6.53603707110893e-05,4.895697486394984e-07,6.549617501150351e-05,6.53603707110893e-05,1.0238353705451942e-07,2.4112634654129664e-05,6.76224910332799e-05,-8.3447045540197e-07,2.4112634654129664e-05,5.743280642066601e-06,4.860124102345219e-06,1.6983283817132207e-05,-2.4586915969848633e-07,4.860124102345219e-06,9.38655148229593e-07,108
PINN-style baseline,5,0.32442198017681084,0.11570703738458538,0.3018386662006378,0.32442198017681084,0.04551597808748368,1591.087299461718,1444.3846352986511,955.1706848144531,1591.0872994617177,55.29707905168722,0.0,0.0,0.0,0.0,0.0,0.00724547915160656,0.03054643973868761,0.0,0.00724547915160656,0.0,0.10505071574125732,0.011459733524646626,0.10511450000922196,0.10505071574125731,0.004207487341100274,5.0,0.0,5.0,5.0,0.0,6.471902640138676e-05,9.266326438832026e-07,6.497561334981584e-05,6.471902640138675e-05,1.7317554550613266e-07,6.1791075962537e-05,0.00017465073721209323,-6.109494705697216e-06,6.1791075962537e-05,1.2744859753096617e-05,1.2508145085087529e-05,4.387846049136074e-05,-1.3932585716247559e-06,1.2508145085087529e-05,1.8439188099096405e-06,108
PINN-style baseline,10,0.32440973542354723,0.11572462537268087,0.3018368184566498,0.3244097354235473,0.04551314236834782,1588.5506256951226,1443.1849990656053,952.6046447753906,1588.5506256951228,54.82571003048831,0.0,0.0,0.0,0.0,0.0,0.00724547915160656,0.03054643973868761,0.0,0.00724547915160656,0.0,0.20801668240703833,0.017569270728583174,0.21025895001366735,0.20801668240703833,0.007773155632376968,10.0,0.0,10.0,10.0,0.0,6.380174954082813e-05,1.3746320330307342e-06,6.411524300347081e-05,6.380174954082812e-05,2.425799999357285e-07,0.00012265529233181752,0.00035596588602064625,-2.0623276419939884e-05,0.00012265529233181752,2.6507317204649732e-05,2.4752898348702325e-05,8.874558549289614e-05,-4.76837158203125e-06,2.4752898348702325e-05,4.706578970658291e-06,108
Selected Production Policy,1,0.32189318717077925,0.11598722189962506,0.2997816503047943,0.32189318717077925,0.045788822838663416,1552.9019377584812,1425.0917071215895,935.9993591308594,1552.901937758481,27.14932627280087,0.0,0.0,0.0,0.0,0.0,0.00724547915160656,0.03054643973868761,0.0,0.00724547915160656,0.0,0.021836180554129423,0.003010260473358155,0.022181049978826195,0.021836180554129423,0.0012901666894242448,1.0,0.0,1.0,1.0,0.0,0.009891619065052105,0.0030166936604750305,0.00965607212856412,0.009891619065052105,0.0009967336776531403,0.008935478622637069,0.006375509488391376,0.007860137615352869,0.008935478622637069,0.0016658986991063018,0.002541301151116689,0.0017199407919768679,0.002671658992767334,0.002541301151116689,0.0003407293732390347,108
Selected Production Policy,2,0.3195105810408239,0.1162030117936602,0.29744257032871246,0.31951058104082386,0.046010148962620234,1526.118996337608,1410.12147122326,923.0795593261719,1526.118996337608,16.567966756271336,0.0,0.0,0.0,0.0,0.0,0.00724547915160656,0.03054643973868761,0.0,0.00724547915160656,0.0,0.04322765185174325,0.006765745347237935,0.04351735001546331,0.04322765185174326,0.0016851264623529323,2.0,0.0,2.0,2.0,0.0,0.009796296276531561,0.003071096313152572,0.009334998205304146,0.009796296276531563,0.0011644082765448654,0.017314549684265837,0.012564990112969684,0.015693004243075848,0.017314549684265837,0.0030429098102241134,0.004923907281072052,0.003406761178805363,0.005087897181510925,0.004923907281072052,0.0006135556522214701,108
Selected Production Policy,5,0.313590243872669,0.1161654858384401,0.2916659861803055,0.31359024387266904,0.046444519064093956,1484.5140898006935,1384.1021973550141,909.6323852539062,1484.5140898006932,39.479519900954415,0.0,0.0,0.0,0.0,0.0,0.00724547915160656,0.03054643973868761,0.0,0.00724547915160656,0.0,0.10743246203465215,0.009515596471468487,0.10827934998087585,0.10743246203465216,0.002979504368965358,5.0,0.0,5.0,5.0,0.0,0.00972306351479212,0.0031253987886605923,0.009198735374957323,0.00972306351479212,0.0012978236536173016,0.037626495648274375,0.027755701980583643,0.03696754714474082,0.03762649564827438,0.005836614729484923,0.010844244449226945,0.007871136648015805,0.01075214147567749,0.010844244449226945,0.0011605411869123005,108
Selected Production Policy,10,0.3078426820812402,0.11381009828860957,0.2785240560770035,0.3078426820812402,0.046188572599024494,1469.6666920803211,1373.001439127717,914.9252014160156,1469.6666920803211,80.41807147948738,0.0,0.0,0.0,0.0,0.0,0.00724547915160656,0.03054643973868761,0.0,0.00724547915160656,0.0,0.21118009536951798,0.019360241753889288,0.21620945000904612,0.21118009536951798,0.009499169699309192,10.0,0.0,10.0,10.0,0.0,0.009875231744566311,0.003053521121297185,0.009201530134305358,0.009875231744566311,0.0011731645406557693,0.054481365825587866,0.051569292115601253,0.05644976269104518,0.05448136582558786,0.005718328693379785,0.016591806240655756,0.014984260988255584,0.013963647186756134,0.016591806240655756,0.0008811455650553806,108
Supervised Latent Neural Operator Corrector,1,0.32189318717077925,0.11598722189962506,0.2997816503047943,0.32189318717077925,0.045788822838663416,1552.9019377584812,1425.0917071215895,935.9993591308594,1552.901937758481,27.14932627280087,0.0,0.0,0.0,0.0,0.0,0.00724547915160656,0.03054643973868761,0.0,0.00724547915160656,0.0,0.01412878518857286,0.002286376130559344,0.014309899997897446,0.014128785188572862,0.0004916915388578343,1.0,0.0,1.0,1.0,0.0,0.009891619065052105,0.0030166936604750305,0.00965607212856412,0.009891619065052105,0.0009967336776531403,0.008935478622637069,0.006375509488391376,0.007860137615352869,0.008935478622637069,0.0016658986991063018,0.002541301151116689,0.0017199407919768679,0.002671658992767334,0.002541301151116689,0.0003407293732390347,108
Supervised Latent Neural Operator Corrector,2,0.3195105810408239,0.1162030117936602,0.29744257032871246,0.31951058104082386,0.046010148962620234,1526.118996337608,1410.12147122326,923.0795593261719,1526.118996337608,16.567966756271336,0.0,0.0,0.0,0.0,0.0,0.00724547915160656,0.03054643973868761,0.0,0.00724547915160656,0.0,0.027721056481823325,0.004622182111170322,0.028315199975622818,0.027721056481823325,0.001234670125918969,2.0,0.0,2.0,2.0,0.0,0.009796296276531561,0.003071096313152572,0.009334998205304146,0.009796296276531563,0.0011644082765448654,0.017314549684265837,0.012564990112969684,0.015693004243075848,0.017314549684265837,0.0030429098102241134,0.004923907281072052,0.003406761178805363,0.005087897181510925,0.004923907281072052,0.0006135556522214701,108
Supervised Latent Neural Operator Corrector,5,0.313590243872669,0.1161654858384401,0.2916659861803055,0.31359024387266904,0.046444519064093956,1484.5140898006935,1384.1021973550141,909.6323852539062,1484.5140898006932,39.479519900954415,0.0,0.0,0.0,0.0,0.0,0.00724547915160656,0.03054643973868761,0.0,0.00724547915160656,0.0,0.06933459166180843,0.009873447252267449,0.07091639999998733,0.06933459166180843,0.0024337680397167605,5.0,0.0,5.0,5.0,0.0,0.00972306351479212,0.0031253987886605923,0.009198735374957323,0.00972306351479212,0.0012978236536173016,0.037626495648274375,0.027755701980583643,0.03696754714474082,0.03762649564827438,0.005836614729484923,0.010844244449226945,0.007871136648015805,0.01075214147567749,0.010844244449226945,0.0011605411869123005,108
Supervised Latent Neural Operator Corrector,10,0.3078426820812402,0.11381009828860957,0.2785240560770035,0.3078426820812402,0.046188572599024494,1469.6666920803211,1373.001439127717,914.9252014160156,1469.6666920803211,80.41807147948738,0.0,0.0,0.0,0.0,0.0,0.00724547915160656,0.03054643973868761,0.0,0.00724547915160656,0.0,0.136791759262215,0.0171566299468597,0.141463650012156,0.13679175926221498,0.005571084228013562,10.0,0.0,10.0,10.0,0.0,0.009875231744566311,0.003053521121297185,0.009201530134305358,0.009875231744566311,0.0011731645406557693,0.054481365825587866,0.051569292115601253,0.05644976269104518,0.05448136582558786,0.005718328693379785,0.016591806240655756,0.014984260988255584,0.013963647186756134,0.016591806240655756,0.0008811455650553806,108
TD3+BC,1,0.32189318717077925,0.11598722189962506,0.2997816503047943,0.32189318717077925,0.045788822838663416,1552.9019377584812,1425.0917071215895,935.9993591308594,1552.901937758481,27.14932627280087,0.0,0.0,0.0,0.0,0.0,0.00724547915160656,0.03054643973868761,0.0,0.00724547915160656,0.0,0.022125650924324333,0.004936569644303448,0.021671750029781833,0.022125650924324336,0.0010904799817661995,1.0,0.0,1.0,1.0,0.0,0.009891619065052105,0.0030166936604750305,0.00965607212856412,0.009891619065052105,0.0009967336776531403,0.008935478622637069,0.006375509488391376,0.007860137615352869,0.008935478622637069,0.0016658986991063018,0.002541301151116689,0.0017199407919768679,0.002671658992767334,0.002541301151116689,0.0003407293732390347,108
TD3+BC,2,0.3195105810408239,0.1162030117936602,0.29744257032871246,0.31951058104082386,0.046010148962620234,1526.118996337608,1410.12147122326,923.0795593261719,1526.118996337608,16.567966756271336,0.0,0.0,0.0,0.0,0.0,0.00724547915160656,0.03054643973868761,0.0,0.00724547915160656,0.0,0.04193010184799614,0.00685324972980918,0.04335599998012185,0.04193010184799614,0.0018456653782418595,2.0,0.0,2.0,2.0,0.0,0.009796296276531561,0.003071096313152572,0.009334998205304146,0.009796296276531563,0.0011644082765448654,0.017314549684265837,0.012564990112969684,0.015693004243075848,0.017314549684265837,0.0030429098102241134,0.004923907281072052,0.003406761178805363,0.005087897181510925,0.004923907281072052,0.0006135556522214701,108
TD3+BC,5,0.313590243872669,0.1161654858384401,0.2916659861803055,0.31359024387266904,0.046444519064093956,1484.5140898006935,1384.1021973550141,909.6323852539062,1484.5140898006932,39.479519900954415,0.0,0.0,0.0,0.0,0.0,0.00724547915160656,0.03054643973868761,0.0,0.00724547915160656,0.0,0.10695316111270115,0.011922100753196456,0.10942484997212887,0.10695316111270115,0.004217685102717868,5.0,0.0,5.0,5.0,0.0,0.00972306351479212,0.0031253987886605923,0.009198735374957323,0.00972306351479212,0.0012978236536173016,0.037626495648274375,0.027755701980583643,0.03696754714474082,0.03762649564827438,0.005836614729484923,0.010844244449226945,0.007871136648015805,0.01075214147567749,0.010844244449226945,0.0011605411869123005,108
TD3+BC,10,0.3078426820812402,0.11381009828860957,0.2785240560770035,0.3078426820812402,0.046188572599024494,1469.6666920803211,1373.001439127717,914.9252014160156,1469.6666920803211,80.41807147948738,0.0,0.0,0.0,0.0,0.0,0.00724547915160656,0.03054643973868761,0.0,0.00724547915160656,0.0,0.21021124444787684,0.017928564675043404,0.2136836500139907,0.21021124444787684,0.0077012380045765215,10.0,0.0,10.0,10.0,0.0,0.009875231744566311,0.003053521121297185,0.009201530134305358,0.009875231744566311,0.0011731645406557693,0.054481365825587866,0.051569292115601253,0.05644976269104518,0.05448136582558786,0.005718328693379785,0.016591806240655756,0.014984260988255584,0.013963647186756134,0.016591806240655756,0.0008811455650553806,108
