epoch,critic_loss,actor_loss,val_error,Seed,variant,actor_updates_enabled,return_loss,advantage_loss,rank_loss,actor_updates,ranking_spearman,ranking_pairwise,ranking_top1,ranking_top2
0.0,,,0.4043683639417092,42,supervised,,,,,,,,,
-70.0,1.591997257868449,0.0,,42,full_cycle0,0.0,0.4031368367373943,0.22905168912063043,0.9598087479670843,,,,,
-69.0,1.4207800914843878,0.0,,42,full_cycle0,0.0,0.34349890388548376,0.19452819830427567,0.8827529867490133,,,,,
-68.0,1.331089456876119,0.0,,42,full_cycle0,0.0,0.31803381616870563,0.17634013714268804,0.8367155050237973,,,,,
-67.0,1.26814290980498,0.0,,42,full_cycle0,0.0,0.3047620703776677,0.16400505509227514,0.7993757938345273,,,,,
-66.0,1.3494489431381225,0.0,,42,full_cycle0,0.0,0.32707391791045665,0.17392891856531303,0.8484461064140002,,,,,
-65.0,1.2196638117233911,0.0,,42,full_cycle0,0.0,0.287625194589297,0.16053987840811412,0.7714987407128017,,,,,
-64.0,1.1766314089298249,0.0,,42,full_cycle0,0.0,0.27097607565422854,0.14237447247530025,0.7632808630665143,,,,,
-63.0,1.0998352775971094,0.0,,42,full_cycle0,0.0,0.25612680210421485,0.13403608320901791,0.7096723934014638,,,,,
-62.0,1.0798976143201193,0.0,,42,full_cycle0,0.0,0.24332379500071208,0.12193836231405536,0.7146354551116626,,,,,
-61.0,1.0414062668879827,0.0,,42,full_cycle0,0.0,0.23323968475063642,0.12212481259678801,0.6860417644182841,,,,,
-60.0,0.981975590189298,0.0,,42,full_cycle0,0.0,0.21062731196482976,0.10271063110170266,0.6686376432577769,,,,,
-59.0,0.8849337602655093,0.0,,42,full_cycle0,0.0,0.1803844248255094,0.08703272204535703,0.6175166149934133,,,,,
-58.0,0.8028743654489517,0.0,,42,full_cycle0,0.0,0.1419558934867382,0.06921728188171983,0.5917011911670367,,,,,
-57.0,0.7385778417189915,0.0,,42,full_cycle0,0.0,0.12073348052799701,0.05749330267620583,0.5603510503967603,,,,,
-56.0,0.7026760225494703,0.0,,42,full_cycle0,0.0,0.1051536601036787,0.05076963133178651,0.5467527354756991,,,,,
-55.0,0.6890875567992528,0.0,,42,full_cycle0,0.0,0.11163215100144347,0.05466266406777625,0.5227927411595981,,,,,
-54.0,0.6238426427046458,0.0,,42,full_cycle0,0.0,0.08555185484389465,0.04295839948269228,0.49533238957325615,,,,,
-53.0,0.5653894593318304,0.0,,42,full_cycle0,0.0,0.06357759358361363,0.03539323999236028,0.4664186249176661,,,,,
-52.0,0.5401426156361898,0.0,,42,full_cycle0,0.0,0.0566549690750738,0.030071579261372487,0.4534160686035951,,,,,
-51.0,0.5336362461249033,0.0,,42,full_cycle0,0.0,0.0612525084366401,0.03076068377122283,0.4416230507194996,,,,,
-50.0,0.45863178968429563,0.0,,42,full_cycle0,0.0,0.045343366886178654,0.02467878465540707,0.38860963756839434,,,,,
-49.0,0.4962308498720328,0.0,,42,full_cycle0,0.0,0.050384855705002944,0.027202957278738418,0.41864304170012473,,,,,
-48.0,0.434320201476415,0.0,,42,full_cycle0,0.0,0.04106258035947879,0.021634225089413425,0.37162339811523754,,,,,
-47.0,0.41244447355469066,0.0,,42,full_cycle0,0.0,0.04232128532603383,0.022568594136585792,0.3475545940299829,,,,,
-46.0,0.40746805146336557,0.0,,42,full_cycle0,0.0,0.038128988134364286,0.020148343530793984,0.3491907184322675,,,,,
-45.0,0.4359609295924505,0.0,,42,full_cycle0,0.0,0.04119706430161993,0.021655555022880434,0.37310831174254416,,,,,
-44.0,0.39423807511727016,0.0,,42,full_cycle0,0.0,0.035214161531378824,0.019906607689335942,0.3391173068434,,,,,
-43.0,0.429644455264012,0.0,,42,full_cycle0,0.0,0.04842444378882647,0.022159333170081178,0.3590606791277727,,,,,
-42.0,0.4190816817184289,0.0,,42,full_cycle0,0.0,0.04205764497940739,0.02254922816840311,0.3544748085240523,,,,,
-41.0,0.3940841612716516,0.0,,42,full_cycle0,0.0,0.037284899471948546,0.020004204000967245,0.33679505735635756,,,,,
-40.0,0.3672291909654935,0.0,,42,full_cycle0,0.0,0.03412208869121969,0.0209671297421058,0.31213997304439545,,,,,
-39.0,0.3783501957853635,0.0,,42,full_cycle0,0.0,0.033329128520563245,0.019102516133959094,0.3259185497959455,,,,,
-38.0,0.350985836237669,0.0,,42,full_cycle0,0.0,0.037627727289994556,0.018477903244396052,0.2948802078763644,,,,,
-37.0,0.34149622544646263,0.0,,42,full_cycle0,0.0,0.0312646656918029,0.01832180473332604,0.2919097570081552,,,,,
-36.0,0.3465127043426037,0.0,,42,full_cycle0,0.0,0.03194885022627811,0.01995834275148809,0.294605511178573,,,,,
-35.0,0.33488836338122685,0.0,,42,full_cycle0,0.0,0.03060815604403615,0.017921853329365453,0.2863583569725355,,,,,
-34.0,0.31621763134996095,0.0,,42,full_cycle0,0.0,0.02976966930242876,0.01908440189436078,0.2673635606964429,,,,,
-33.0,0.36553412998716034,0.0,,42,full_cycle0,0.0,0.03904501451179385,0.021924786642193793,0.3045643297334512,,,,,
-32.0,0.36566883474588396,0.0,,42,full_cycle0,0.0,0.03428384546811382,0.021546325537686546,0.30983866602182386,,,,,
-31.0,0.3151418666044871,0.0,,42,full_cycle0,0.0,0.03148475618412097,0.018888519828518233,0.26476859201987585,,,,,
-30.0,0.34876618832349776,0.0,,42,full_cycle0,0.0,0.03292109655837218,0.018089721584692596,0.2977553691715002,,,,,
-29.0,0.29607376381754874,0.0,,42,full_cycle0,0.0,0.02708545814578732,0.017935167408237855,0.25105313782890637,,,,,
-28.0,0.311946827173233,0.0,,42,full_cycle0,0.0,0.027105965993056695,0.018032725853845476,0.26680813630421957,,,,,
-27.0,0.32248592923084896,0.0,,42,full_cycle0,0.0,0.03219417363094787,0.01851558140479028,0.2717761754989624,,,,,
-26.0,0.29825790400306385,0.0,,42,full_cycle0,0.0,0.02868353611168762,0.017374962009489535,0.2521994061768055,,,,,
-25.0,0.313060567031304,0.0,,42,full_cycle0,0.0,0.03304691171894471,0.019648860247495275,0.26036479584872724,,,,,
-24.0,0.2803177456061045,0.0,,42,full_cycle0,0.0,0.025576076935976744,0.017254564771428706,0.23748710453510286,,,,,
-23.0,0.28920312225818634,0.0,,42,full_cycle0,0.0,0.038827688759192826,0.020200555336972077,0.2301748803506295,,,,,
-22.0,0.2584021408110857,0.0,,42,full_cycle0,0.0,0.02712391613361736,0.017067188071087,0.21421103676160178,,,,,
-21.0,0.2876716439922651,0.0,,42,full_cycle0,0.0,0.02971985194211205,0.018448701066275438,0.23950309107700984,,,,,
-20.0,0.28679038137197493,0.0,,42,full_cycle0,0.0,0.03234832923238476,0.01986574553884566,0.2345763067404429,,,,,
-19.0,0.2555643024543921,0.0,,42,full_cycle0,0.0,0.02507701558060944,0.01683515461627394,0.21365213294823965,,,,,
-18.0,0.28658119440078733,0.0,,42,full_cycle0,0.0,0.029536550833533206,0.017690637971584995,0.23935400483508903,,,,,
-17.0,0.25974785834550856,0.0,,42,full_cycle0,0.0,0.02798557560890913,0.019098778488114476,0.21266350373625756,,,,,
-16.0,0.2524923006693522,0.0,,42,full_cycle0,0.0,0.023740190857400496,0.015954756488402683,0.2127973546584447,,,,,
-15.0,0.2511938467621803,0.0,,42,full_cycle0,0.0,0.025440466326350965,0.017828432889655233,0.20792494813601176,,,,,
-14.0,0.26833976233998935,0.0,,42,full_cycle0,0.0,0.0270235365567108,0.017106675589457155,0.22420954902966816,,,,,
-13.0,0.2710598312318325,0.0,,42,full_cycle0,0.0,0.034000380182017884,0.01929255765862763,0.21776689365506172,,,,,
-12.0,0.2553329755862554,0.0,,42,full_cycle0,0.0,0.02679056008346379,0.01825847364962101,0.21028394103050232,,,,,
-11.0,0.25398825109004974,0.0,,42,full_cycle0,0.0,0.02596693461139997,0.01776400990784168,0.2102573065708081,,,,,
-10.0,0.23434221222996712,0.0,,42,full_cycle0,0.0,0.02514223352385064,0.01644524766597897,0.19275473182400069,,,,,
-9.0,0.2565994297464689,0.0,,42,full_cycle0,0.0,0.028355020408829052,0.018063825865586598,0.21018058297534783,,,,,
-8.0,0.22676671110093594,0.0,,42,full_cycle0,0.0,0.023872393059233825,0.017804084795837602,0.1850902333855629,,,,,
-7.0,0.24002975275119146,0.0,,42,full_cycle0,0.0,0.026777634272972743,0.01732181409994761,0.19593030462662378,,,,,
-6.0,0.2616278873135646,0.0,,42,full_cycle0,0.0,0.027771288622170688,0.018430235035096606,0.21542636267840862,,,,,
-5.0,0.23316241279244423,0.0,,42,full_cycle0,0.0,0.02753540181244413,0.017242496258889635,0.18838451442619164,,,,,
-4.0,0.276055263603727,0.0,,42,full_cycle0,0.0,0.028295042055348555,0.01929113163302342,0.2284690900395314,,,,,
-3.0,0.28068199182550113,0.0,,42,full_cycle0,0.0,0.037092161209632955,0.020592903904616832,0.22299692668020726,,,,,
-2.0,0.22842478106419245,0.0,,42,full_cycle0,0.0,0.025665867266555627,0.016825255829220016,0.18593365860482056,,,,,
-1.0,0.22128088797132175,0.0,,42,full_cycle0,0.0,0.027963758880893388,0.017331291704128185,0.17598583747943242,,,,,
0.0,7.934891223907471,0.015184509567916393,,42,full_cycle0,1.0,0.025092709809541702,0.015339311212301254,0.20652417838573456,1.0,,,,
1.0,8.016961097717285,0.0,,42,full_cycle0,1.0,0.1252090334892273,0.05080725625157356,0.18660253286361694,16.0,,,,
2.0,6.0129828453063965,-0.005193032324314117,,42,full_cycle0,1.0,0.027673013508319855,0.018063977360725403,0.26947394013404846,32.0,,,,
3.0,10.278390884399414,0.0,,42,full_cycle0,1.0,0.1275586038827896,0.02797769010066986,0.17216458916664124,47.0,,,,
4.0,7.209570407867432,0.010425333864986897,,42,full_cycle0,1.0,0.026348814368247986,0.014791949652135372,0.22766922414302826,63.0,,,,
5.0,7.784909725189209,0.0,,42,full_cycle0,1.0,0.34181350469589233,0.05461570993065834,0.32726019620895386,78.0,,,,
6.0,4.989815711975098,0.006458078511059284,,42,full_cycle0,1.0,0.13202330470085144,0.029977845028042793,0.19087372720241547,94.0,,,,
7.0,3.4479379653930664,0.0,,42,full_cycle0,1.0,0.3131300210952759,0.06500504910945892,0.2629581689834595,109.0,,,,
8.0,7.479597568511963,0.005044765770435333,,42,full_cycle0,1.0,0.11566408723592758,0.04571971669793129,0.28371956944465637,125.0,,,,
9.0,7.777592658996582,0.0,,42,full_cycle0,1.0,0.05917682498693466,0.02652747929096222,0.17969940602779388,140.0,,,,
10.0,3.9773108959198,0.013884341344237328,,42,full_cycle0,1.0,0.14365577697753906,0.06405550241470337,0.3285973072052002,156.0,,,,
11.0,6.7797112464904785,0.0,,42,full_cycle0,1.0,0.06677551567554474,0.04193994402885437,0.275327205657959,171.0,,,,
12.0,6.147988796234131,-0.018569013103842735,,42,full_cycle0,1.0,0.04851116985082626,0.025787390768527985,0.29143595695495605,187.0,,,,
13.0,7.813569068908691,0.0,,42,full_cycle0,1.0,0.17464105784893036,0.070379838347435,0.44115373492240906,202.0,,,,
14.0,8.819559097290039,0.025511279702186584,,42,full_cycle0,1.0,0.28102242946624756,0.11445704102516174,0.92397141456604,218.0,,,,
15.0,7.594973087310791,0.0,,42,full_cycle0,1.0,0.13727860152721405,0.057663917541503906,0.14149722456932068,233.0,,,,
16.0,8.576306343078613,-0.061162952333688736,,42,full_cycle0,1.0,0.18611571192741394,0.06562855839729309,0.24311867356300354,249.0,,,,
17.0,9.73062515258789,0.0,,42,full_cycle0,1.0,0.2606353759765625,0.15048496425151825,0.18624578416347504,264.0,,,,
18.0,9.36209487915039,-0.03139042854309082,,42,full_cycle0,1.0,0.21911559998989105,0.12964268028736115,0.22760292887687683,280.0,,,,
19.0,11.294646263122559,0.0,,42,full_cycle0,1.0,0.12581497430801392,0.054572515189647675,0.19411000609397888,295.0,,,,
20.0,7.485804557800293,-0.057145070284605026,,42,full_cycle0,1.0,0.5068378448486328,0.24596495926380157,0.22822678089141846,311.0,,,,
21.0,6.668217182159424,0.0,,42,full_cycle0,1.0,0.3094962239265442,0.11776278913021088,0.26319825649261475,326.0,,,,
22.0,7.376563549041748,-0.011469174176454544,,42,full_cycle0,1.0,0.5168247818946838,0.31461387872695923,0.14144204556941986,342.0,,,,
23.0,7.461028575897217,0.0,,42,full_cycle0,1.0,0.27745336294174194,0.1501837521791458,1.0912584066390991,357.0,,,,
24.0,10.27376651763916,-0.06121421605348587,,42,full_cycle0,1.0,0.257892906665802,0.16892920434474945,0.29545846581459045,373.0,,,,
25.0,7.488197326660156,0.0,,42,full_cycle0,1.0,0.3241485357284546,0.25807279348373413,0.20957234501838684,388.0,,,,
26.0,8.947893142700195,-0.057259347289800644,,42,full_cycle0,1.0,0.0571027547121048,0.04681455343961716,0.16343240439891815,404.0,,,,
27.0,7.301916122436523,0.0,,42,full_cycle0,1.0,0.37275010347366333,0.3189646899700165,0.7175562381744385,419.0,,,,
28.0,7.920825004577637,-0.09177745878696442,,42,full_cycle0,1.0,0.23984213173389435,0.17487439513206482,0.2109609991312027,435.0,,,,
29.0,8.837414741516113,0.0,,42,full_cycle0,1.0,0.4400215744972229,0.46531161665916443,1.6495577096939087,450.0,,,,
30.0,3.336091995239258,-0.11662936955690384,,42,full_cycle0,1.0,0.20397904515266418,0.1843801736831665,1.264716625213623,466.0,,,,
31.0,5.3482770919799805,0.0,,42,full_cycle0,1.0,0.5072246193885803,0.33819693326950073,0.8767456412315369,481.0,,,,
32.0,2.141050338745117,-0.22288045287132263,,42,full_cycle0,1.0,0.1984340250492096,0.15641075372695923,0.7314120531082153,497.0,,,,
33.0,4.462363243103027,0.0,,42,full_cycle0,1.0,0.1709386110305786,0.07731719315052032,0.3488084673881531,512.0,,,,
34.0,2.570669174194336,-0.1814085692167282,,42,full_cycle0,1.0,0.2505573034286499,0.24000677466392517,1.2639456987380981,528.0,,,,
35.0,2.7597391605377197,0.0,,42,full_cycle0,1.0,0.3156367540359497,0.28627830743789673,1.8089118003845215,543.0,,,,
36.0,2.5146045684814453,-0.05938705429434776,,42,full_cycle0,1.0,0.479728102684021,0.5120128989219666,0.8219595551490784,559.0,,,,
37.0,4.208818435668945,0.0,,42,full_cycle0,1.0,0.10271228104829788,0.08655138313770294,0.4089045524597168,574.0,,,,
38.0,4.168644905090332,-0.15969567000865936,,42,full_cycle0,1.0,0.07842393964529037,0.04723232984542847,0.2930895686149597,590.0,,,,
39.0,2.8653337955474854,0.0,,42,full_cycle0,1.0,0.36721479892730713,0.34109920263290405,0.2273121476173401,605.0,,,,
40.0,3.1485748291015625,-0.20640452206134796,,42,full_cycle0,1.0,0.12021046876907349,0.08375940471887589,0.7367761135101318,621.0,,,,
41.0,2.490302324295044,0.0,,42,full_cycle0,1.0,0.09170322120189667,0.052182815968990326,0.3898583650588989,636.0,,,,
42.0,3.083404064178467,-0.10005258768796921,,42,full_cycle0,1.0,0.04172658920288086,0.024148713797330856,0.3289419412612915,652.0,,,,
43.0,2.476039409637451,0.0,,42,full_cycle0,1.0,0.12978561222553253,0.08168313652276993,0.5047240257263184,667.0,,,,
44.0,1.6895506381988525,-0.0784233808517456,,42,full_cycle0,1.0,0.06732877343893051,0.04502134770154953,0.5608150959014893,683.0,,,,
45.0,1.769911289215088,0.0,,42,full_cycle0,1.0,0.13002115488052368,0.09804520756006241,0.3884146511554718,698.0,,,,
46.0,3.2149055004119873,-0.10021431744098663,,42,full_cycle0,1.0,0.1724180281162262,0.16638126969337463,0.7470099329948425,714.0,,,,
47.0,2.8231239318847656,0.0,,42,full_cycle0,1.0,0.029246265068650246,0.021106475964188576,0.6559163928031921,729.0,,,,
48.0,2.7207605838775635,-0.1817910075187683,,42,full_cycle0,1.0,0.06073674559593201,0.04088374972343445,0.21500840783119202,745.0,,,,
49.0,1.880972981452942,0.0,,42,full_cycle0,1.0,0.10707318782806396,0.08012529462575912,0.5703322887420654,760.0,,,,
-70.0,1.5616860469182332,0.0,,42,full_cycle1,0.0,0.38750756457448005,0.2238315316538016,0.9503469496965409,,,,,
-69.0,1.4218351016441981,0.0,,42,full_cycle1,0.0,0.3485658023506403,0.19510198819140592,0.8781673163175583,,,,,
-68.0,1.3341020862261455,0.0,,42,full_cycle1,0.0,0.30946039060751596,0.17391162185619274,0.8507300774256389,,,,,
-67.0,1.2740981827179592,0.0,,42,full_cycle1,0.0,0.30118610548476377,0.1684282408716778,0.8044838378826777,,,,,
-66.0,1.2552894711494447,0.0,,42,full_cycle1,0.0,0.3002518809090058,0.1674910394474864,0.7875465492407481,,,,,
-65.0,1.1903801063696544,0.0,,42,full_cycle1,0.0,0.2861964266747236,0.1475764027175804,0.7566072747111321,,,,,
-64.0,1.1889799296855927,0.0,,42,full_cycle1,0.0,0.27766168750822545,0.1442871393325428,0.7670311033725739,,,,,
-63.0,1.0773870468139648,0.0,,42,full_cycle1,0.0,0.24859944209456444,0.12843030020594598,0.7003573005398115,,,,,
-62.0,1.02744213839372,0.0,,42,full_cycle1,0.0,0.23177587265769642,0.1184187361660103,0.6772475346922875,,,,,
-61.0,0.9854796071847279,0.0,,42,full_cycle1,0.0,0.22518653968969982,0.10792122948914766,0.6523718406756719,,,,,
-60.0,0.9042337154348691,0.0,,42,full_cycle1,0.0,0.17445132555440068,0.08596492647193373,0.6438174590468406,,,,,
-59.0,0.8030960912505786,0.0,,42,full_cycle1,0.0,0.1549189889182647,0.07333758897148072,0.5748395164807637,,,,,
-58.0,0.7162379642327626,0.0,,42,full_cycle1,0.0,0.12526080974688134,0.05936230416409671,0.5316148514548937,,,,,
-57.0,0.6958593020836512,0.0,,42,full_cycle1,0.0,0.10356476611147324,0.05249083552043885,0.5398037026325861,,,,,
-56.0,0.6255578055977822,0.0,,42,full_cycle1,0.0,0.08825656070063512,0.04306332881872853,0.4942379156748454,,,,,
-55.0,0.5685219834248225,0.0,,42,full_cycle1,0.0,0.06617905019472042,0.03684688220188643,0.4654960518081983,,,,,
-54.0,0.5800320625305175,0.0,,42,full_cycle1,0.0,0.07199715059250593,0.03889850044312577,0.46913641194502514,,,,,
-53.0,0.5456172381838162,0.0,,42,full_cycle1,0.0,0.062168286725257836,0.03277487067195276,0.450674083083868,,,,,
-52.0,0.49110206787784894,0.0,,42,full_cycle1,0.0,0.051886567814896506,0.02910631070844829,0.41010918840765953,,,,,
-51.0,0.49719672997792563,0.0,,42,full_cycle1,0.0,0.051292148015151424,0.026515110201823216,0.4193894719084104,,,,,
-50.0,0.5065234820048015,0.0,,42,full_cycle1,0.0,0.05501109100878239,0.03058788358854751,0.42092450683315596,,,,,
-49.0,0.4679169217745463,0.0,,42,full_cycle1,0.0,0.04522879173358282,0.027251746427888673,0.39543638477722803,,,,,
-48.0,0.465586057305336,0.0,,42,full_cycle1,0.0,0.050314708271374305,0.024792661781733234,0.39047868698835375,,,,,
-47.0,0.42075030083457626,0.0,,42,full_cycle1,0.0,0.04344391830575963,0.020968995111373564,0.3563373868664106,,,,,
-46.0,0.4095496512949467,0.0,,42,full_cycle1,0.0,0.037930013487736385,0.021417653343329828,0.3502019862333933,,,,,
-45.0,0.3975856552521388,0.0,,42,full_cycle1,0.0,0.04188710739836097,0.021706886605049172,0.3339916629095872,,,,,
-44.0,0.4171577910582224,0.0,,42,full_cycle1,0.0,0.0445910742195944,0.022423404486229023,0.35014331539471943,,,,,
-43.0,0.3980317177871863,0.0,,42,full_cycle1,0.0,0.03928017187863588,0.02112030084244907,0.33763124644756315,,,,,
-42.0,0.3652272343635559,0.0,,42,full_cycle1,0.0,0.03129826948667566,0.019189633786057432,0.3147393293678761,,,,,
-41.0,0.38285726656516395,0.0,,42,full_cycle1,0.0,0.0354624448188891,0.020745852620651324,0.326648968209823,,,,,
-40.0,0.3638068134586016,0.0,,42,full_cycle1,0.0,0.03673746332836648,0.019194671760002772,0.30787467733025553,,,,,
-39.0,0.35126893942554793,0.0,,42,full_cycle1,0.0,0.03318615085445344,0.020263159942502777,0.29781962831815084,,,,,
-38.0,0.3364584284524123,0.0,,42,full_cycle1,0.0,0.030074784252792596,0.017213258240371943,0.28917038763562836,,,,,
-37.0,0.3446623829503854,0.0,,42,full_cycle1,0.0,0.03242727871984243,0.020726188629244763,0.29150891477862995,,,,,
-36.0,0.3235039134820302,0.0,,42,full_cycle1,0.0,0.03193786094586055,0.01814604930890103,0.27342000206311545,,,,,
-35.0,0.3479930773377419,0.0,,42,full_cycle1,0.0,0.033688831298301615,0.01890363640462359,0.29540060795843603,,,,,
-34.0,0.3377178636689981,0.0,,42,full_cycle1,0.0,0.03871801889811953,0.01929038455709815,0.2797094605863094,,,,,
-33.0,0.30265054007371267,0.0,,42,full_cycle1,0.0,0.03003656058572233,0.016441962852453192,0.25617201551795005,,,,,
-32.0,0.3133923165500164,0.0,,42,full_cycle1,0.0,0.031601958954706785,0.016993636808668573,0.2647967204451561,,,,,
-31.0,0.30142450133959453,0.0,,42,full_cycle1,0.0,0.030854958497608703,0.017380474988992017,0.25318906592826046,,,,,
-30.0,0.28217196340362233,0.0,,42,full_cycle1,0.0,0.026405318888525167,0.01659569946738581,0.2391709436972936,,,,,
-29.0,0.3029454027613004,0.0,,42,full_cycle1,0.0,0.03454630554964145,0.019657535897567868,0.24874156254033247,,,,,
-28.0,0.29283651734391847,0.0,,42,full_cycle1,0.0,0.031734427281965814,0.017379894899204374,0.2437221961716811,,,,,
-27.0,0.2640694444378217,0.0,,42,full_cycle1,0.0,0.023973008152097464,0.015522161428816617,0.2245742733279864,,,,,
-26.0,0.27774353077014285,0.0,,42,full_cycle1,0.0,0.028666696697473525,0.01775904237292707,0.23131779010097187,,,,,
-25.0,0.26137109771370887,0.0,,42,full_cycle1,0.0,0.027546806695560613,0.017652355429405967,0.2161719348281622,,,,,
-24.0,0.2818170463045438,0.0,,42,full_cycle1,0.0,0.033748952019959685,0.018194963705415526,0.2298731293529272,,,,,
-23.0,0.28736251816153524,0.0,,42,full_cycle1,0.0,0.029368262955298027,0.01838191320809225,0.23961234043041865,,,,,
-22.0,0.2548981174826622,0.0,,42,full_cycle1,0.0,0.02748316329283019,0.01626382195390761,0.21115113099416097,,,,,
-21.0,0.2869883927206198,0.0,,42,full_cycle1,0.0,0.03069933500761787,0.018767294008284807,0.23752176476021608,,,,,
-20.0,0.2567298593620459,0.0,,42,full_cycle1,0.0,0.025225738358373443,0.016560571330289046,0.2149435485402743,,,,,
-19.0,0.25547365595897037,0.0,,42,full_cycle1,0.0,0.026993665657937527,0.0170974080140392,0.21138258228699366,,,,,
-18.0,0.2766640561322371,0.0,,42,full_cycle1,0.0,0.032467971400668226,0.01834459789097309,0.2258514874925216,,,,,
-17.0,0.2587203619380792,0.0,,42,full_cycle1,0.0,0.028069383278489114,0.01727679744362831,0.21337418059508007,,,,,
-16.0,0.24030372897783916,0.0,,42,full_cycle1,0.0,0.027956505538895726,0.018147350413103898,0.19419987338284653,,,,,
-15.0,0.26275714735190075,0.0,,42,full_cycle1,0.0,0.029809207981452347,0.018674086484437188,0.21427385260661444,,,,,
-14.0,0.23500954260428747,0.0,,42,full_cycle1,0.0,0.027377392925942937,0.01768168181491395,0.1899504693845908,,,,,
-13.0,0.22249133996665477,0.0,,42,full_cycle1,0.0,0.02436986768928667,0.01682887099062403,0.18129260130226613,,,,,
-12.0,0.24039334766566753,0.0,,42,full_cycle1,0.0,0.030025778664276005,0.0188003688895454,0.19156720091899235,,,,,
-11.0,0.2594228190680345,0.0,,42,full_cycle1,0.0,0.028502775526915988,0.01837461655959487,0.2125454254448414,,,,,
-10.0,0.23509333059191703,0.0,,42,full_cycle1,0.0,0.02659942116588354,0.017904275795444846,0.19058963432908058,,,,,
-9.0,0.2500863177080949,0.0,,42,full_cycle1,0.0,0.02866697541127602,0.01875993759992222,0.20265940502285956,,,,,
-8.0,0.23437958732247352,0.0,,42,full_cycle1,0.0,0.02506327829323709,0.016978796881934006,0.19233751334249974,,,,,
-7.0,0.24653577854235967,0.0,,42,full_cycle1,0.0,0.02699791006743908,0.018096100554491082,0.20144176930189134,,,,,
-6.0,0.21572412277261416,0.0,,42,full_cycle1,0.0,0.025261875987052918,0.016513198303679626,0.17394904879232248,,,,,
-5.0,0.22642539863785108,0.0,,42,full_cycle1,0.0,0.02671406528291603,0.017936435621231796,0.18177489650746187,,,,,
-4.0,0.2166767403483391,0.0,,42,full_cycle1,0.0,0.024944969809924562,0.01588285742327571,0.17584891244769096,,,,,
-3.0,0.206518775348862,0.0,,42,full_cycle1,0.0,0.021847607257465523,0.01630449974909425,0.1683666691184044,,,,,
-2.0,0.2242105652888616,0.0,,42,full_cycle1,0.0,0.027515249916662772,0.017848705283055703,0.1788466103374958,,,,,
-1.0,0.21363236606121064,0.0,,42,full_cycle1,0.0,0.025261180847883223,0.017356144186730187,0.171015040948987,,,,,
0.0,8.146278381347656,0.0,,42,full_cycle1,0.0,0.03582368791103363,0.01869818940758705,0.13067954778671265,0.0,,,,
1.0,4.077986717224121,0.0,,42,full_cycle1,0.0,0.054850347340106964,0.0313766747713089,0.15955184400081635,0.0,,,,
2.0,8.590508460998535,0.0,,42,full_cycle1,0.0,0.0517476424574852,0.02608758583664894,0.2738032937049866,0.0,,,,
3.0,7.683224201202393,0.0,,42,full_cycle1,0.0,0.2650381326675415,0.1131989061832428,0.20990779995918274,0.0,,,,
4.0,7.689637660980225,0.0,,42,full_cycle1,0.0,0.17844070494174957,0.04290081560611725,0.12781235575675964,0.0,,,,
5.0,8.737808227539062,0.0,,42,full_cycle1,0.0,0.11826784908771515,0.03290620073676109,0.16225677728652954,0.0,,,,
6.0,4.485811710357666,0.0,,42,full_cycle1,0.0,0.13486427068710327,0.057457245886325836,0.08939515799283981,0.0,,,,
7.0,6.411055564880371,0.0,,42,full_cycle1,0.0,0.14650976657867432,0.05124249309301376,0.17174234986305237,0.0,,,,
8.0,5.467775344848633,0.0,,42,full_cycle1,0.0,0.32505595684051514,0.08397071063518524,0.31602251529693604,0.0,,,,
9.0,7.296796798706055,0.0,,42,full_cycle1,0.0,0.1753351092338562,0.04755333065986633,0.31241902709007263,0.0,,,,
10.0,6.206747531890869,0.0,,42,full_cycle1,0.0,0.07583324611186981,0.03169900178909302,0.26414090394973755,0.0,,,,
11.0,6.297169208526611,0.0,,42,full_cycle1,0.0,0.3393303155899048,0.11933262646198273,0.5817267298698425,0.0,,,,
12.0,8.946510314941406,0.0,,42,full_cycle1,0.0,0.49136272072792053,0.12468286603689194,0.19023284316062927,0.0,,,,
13.0,7.658963203430176,0.0,,42,full_cycle1,0.0,0.11993090808391571,0.033457864075899124,0.21962454915046692,0.0,,,,
14.0,5.760744094848633,0.0,,42,full_cycle1,0.0,0.2276458889245987,0.08562111854553223,0.21300257742404938,0.0,,,,
15.0,6.897780895233154,0.0,,42,full_cycle1,0.0,0.1256365180015564,0.042467281222343445,0.16582149267196655,0.0,,,,
16.0,6.598025798797607,0.0,,42,full_cycle1,0.0,0.14655211567878723,0.08251345157623291,0.23824168741703033,0.0,,,,
17.0,5.611660003662109,0.0,,42,full_cycle1,0.0,0.3347020149230957,0.09125050157308578,0.23567169904708862,0.0,,,,
18.0,8.70150089263916,0.0,,42,full_cycle1,0.0,0.24440225958824158,0.15403865277767181,0.1817629635334015,0.0,,,,
19.0,8.357911109924316,0.0,,42,full_cycle1,0.0,0.16018791496753693,0.05972374975681305,0.18184880912303925,0.0,,,,
20.0,6.3644914627075195,0.0,,42,full_cycle1,0.0,0.5133460760116577,0.2873085141181946,0.1986261010169983,0.0,,,,
21.0,5.485739707946777,0.0,,42,full_cycle1,0.0,0.10001745820045471,0.05748213827610016,0.2839807868003845,0.0,,,,
22.0,10.328096389770508,0.0,,42,full_cycle1,0.0,0.33811843395233154,0.11387574672698975,0.17630600929260254,0.0,,,,
23.0,4.518701553344727,0.0,,42,full_cycle1,0.0,0.08346042037010193,0.07514987885951996,0.11779128760099411,0.0,,,,
24.0,5.512131690979004,0.0,,42,full_cycle1,0.0,0.2543015480041504,0.11991625279188156,1.1555594205856323,0.0,,,,
25.0,6.499246597290039,0.0,,42,full_cycle1,0.0,0.342235267162323,0.2881280183792114,0.17245399951934814,0.0,,,,
26.0,2.672055721282959,0.0,,42,full_cycle1,0.0,0.40309327840805054,0.3678489327430725,0.41157808899879456,0.0,,,,
27.0,7.690854549407959,0.0,,42,full_cycle1,0.0,0.1541631519794464,0.11030373722314835,0.31865090131759644,0.0,,,,
28.0,4.745737552642822,0.0,,42,full_cycle1,0.0,0.244004487991333,0.2290196567773819,0.36792701482772827,0.0,,,,
29.0,4.07896614074707,0.0,,42,full_cycle1,0.0,0.16876749694347382,0.12332867085933685,0.33800846338272095,0.0,,,,
30.0,3.4329068660736084,0.0,,42,full_cycle1,0.0,0.2501996159553528,0.1859685182571411,0.39316779375076294,0.0,,,,
31.0,4.931902885437012,0.0,,42,full_cycle1,0.0,0.33320778608322144,0.3305566906929016,0.4098512530326843,0.0,,,,
32.0,3.5623855590820312,0.0,,42,full_cycle1,0.0,0.07174181938171387,0.05460166558623314,0.39901790022850037,0.0,,,,
33.0,2.5612664222717285,0.0,,42,full_cycle1,0.0,0.130168154835701,0.11903828382492065,0.7670464515686035,0.0,,,,
34.0,3.144763469696045,0.0,,42,full_cycle1,0.0,0.19962577521800995,0.21063897013664246,0.667317271232605,0.0,,,,
35.0,1.7377161979675293,0.0,,42,full_cycle1,0.0,0.144753098487854,0.10494455695152283,0.3263549506664276,0.0,,,,
36.0,0.7226368188858032,0.0,,42,full_cycle1,0.0,0.0469866544008255,0.02343577891588211,0.3581172227859497,0.0,,,,
37.0,3.160161018371582,0.0,,42,full_cycle1,0.0,0.029986495152115822,0.018322499468922615,0.3101422190666199,0.0,,,,
38.0,0.9839662313461304,0.0,,42,full_cycle1,0.0,0.05826002359390259,0.03927219286561012,0.3404146432876587,0.0,,,,
39.0,1.0540508031845093,0.0,,42,full_cycle1,0.0,0.08071671426296234,0.06023072823882103,0.37232130765914917,0.0,,,,
40.0,2.7383012771606445,0.0,,42,full_cycle1,0.0,0.02951740473508835,0.020494427531957626,0.38296371698379517,0.0,,,,
41.0,1.929690957069397,0.0,,42,full_cycle1,0.0,0.16963225603103638,0.14580138027668,0.4295006990432739,0.0,,,,
42.0,1.1219134330749512,0.0,,42,full_cycle1,0.0,0.2714085876941681,0.30650365352630615,0.32064831256866455,0.0,,,,
43.0,4.663449287414551,0.0,,42,full_cycle1,0.0,0.3675229251384735,0.444886714220047,1.6310802698135376,0.0,,,,
44.0,3.062620162963867,0.0,,42,full_cycle1,0.0,0.07910151034593582,0.03465738892555237,0.2836451828479767,0.0,,,,
45.0,1.481583595275879,0.0,,42,full_cycle1,0.0,0.060143277049064636,0.03943708911538124,0.3649114966392517,0.0,,,,
46.0,3.0012502670288086,0.0,,42,full_cycle1,0.0,0.04755355790257454,0.02837766520678997,0.45709729194641113,0.0,,,,
47.0,1.452592372894287,0.0,,42,full_cycle1,0.0,0.05760473757982254,0.03171472251415253,0.31029608845710754,0.0,,,,
48.0,3.0851950645446777,0.0,,42,full_cycle1,0.0,0.10809589922428131,0.09842044860124588,0.25409919023513794,0.0,,,,
49.0,1.1751905679702759,0.0,,42,full_cycle1,0.0,0.049455493688583374,0.02700072154402733,0.37551161646842957,0.0,,,,
-70.0,1.5853414118289948,0.0,,42,td3_bc,0.0,0.39525888686378796,0.22513610273599624,0.9649464279413223,,,,,
-69.0,1.3932812054951986,0.0,,42,td3_bc,0.0,0.34336387887597086,0.191821758945783,0.8580955669283867,,,,,
-68.0,1.3575839201609294,0.0,,42,td3_bc,0.0,0.33439624930421513,0.1794088317391773,0.8437788327534993,,,,,
-67.0,1.289789574344953,0.0,,42,td3_bc,0.0,0.3134795510520538,0.16635838439688086,0.8099516461292903,,,,,
-66.0,1.2686148792505265,0.0,,42,td3_bc,0.0,0.30123236601551373,0.16457435603563983,0.8028081605831782,,,,,
-65.0,1.2169690171877543,0.0,,42,td3_bc,0.0,0.29664366915822027,0.1577305209512512,0.762594826022784,,,,,
-64.0,1.096558964252472,0.0,,42,td3_bc,0.0,0.24948526142785946,0.13418817600856225,0.7128855278094609,,,,,
-63.0,0.9975002139806748,0.0,,42,td3_bc,0.0,0.21516790029903252,0.1165571901636819,0.6657751237352689,,,,,
-62.0,0.8753423571586609,0.0,,42,td3_bc,0.0,0.16836210203667482,0.08811369704393049,0.6188665593663851,,,,,
-61.0,0.7902613540490468,0.0,,42,td3_bc,0.0,0.1399327893430988,0.07287961930657426,0.5774489507079125,,,,,
-60.0,0.7310253863533338,0.0,,42,td3_bc,0.0,0.1171347855279843,0.06208881235991915,0.5518017878135045,,,,,
-59.0,0.6809072767694792,0.0,,42,td3_bc,0.0,0.10768487978105744,0.052570149100696045,0.5206522459785143,,,,,
-58.0,0.6401036269962788,0.0,,42,td3_bc,0.0,0.08567916145548224,0.04409871237973372,0.5103257534404596,,,,,
-57.0,0.6108032936851183,0.0,,42,td3_bc,0.0,0.08434834651028117,0.0444086240294079,0.48204632153113686,,,,,
-56.0,0.5987744351228078,0.0,,42,td3_bc,0.0,0.07737796852986017,0.03759689040792485,0.4837995727856954,,,,,
-55.0,0.5442724982897441,0.0,,42,td3_bc,0.0,0.058124651992693545,0.031904542818665504,0.45424329936504365,,,,,
-54.0,0.4907810792326927,0.0,,42,td3_bc,0.0,0.048588190646842125,0.025480656884610653,0.4167122356593609,,,,,
-53.0,0.5143874779343605,0.0,,42,td3_bc,0.0,0.05301299244165421,0.028512959973886608,0.4328615280489127,,,,,
-52.0,0.5241991703708967,0.0,,42,td3_bc,0.0,0.0556433734173576,0.03085423302836716,0.43770156130194665,,,,,
-51.0,0.4747824892401695,0.0,,42,td3_bc,0.0,0.051697555525849266,0.025116395376001795,0.3979685368637244,,,,,
-50.0,0.42375967701276146,0.0,,42,td3_bc,0.0,0.04021519136925538,0.022041235538199543,0.3615032501518726,,,,,
-49.0,0.42487135355671246,0.0,,42,td3_bc,0.0,0.04167010015808046,0.02350602442553888,0.3596952306727568,,,,,
-48.0,0.4245916038751602,0.0,,42,td3_bc,0.0,0.04550968486194809,0.021657567952449122,0.3574243528147539,,,,,
-47.0,0.3905348079899947,0.0,,42,td3_bc,0.0,0.04023002314691742,0.022165019204840063,0.32813976605733236,,,,,
-46.0,0.4191965664426486,0.0,,42,td3_bc,0.0,0.03876024303026497,0.02083279942162335,0.35960352246960003,,,,,
-45.0,0.4655284653107325,0.0,,42,td3_bc,0.0,0.04486228805035353,0.025449942285194992,0.3952162352701028,,,,,
-44.0,0.41619304145375885,0.0,,42,td3_bc,0.0,0.04628534115230044,0.024107604923968514,0.34580009803175926,,,,,
-43.0,0.3887120837966601,0.0,,42,td3_bc,0.0,0.037255703626821436,0.021605016198009253,0.3298513648410638,,,,,
-42.0,0.3807686825593313,0.0,,42,td3_bc,0.0,0.03867138301332792,0.02025194054003805,0.3218453591068586,,,,,
-41.0,0.3477556029955546,0.0,,42,td3_bc,0.0,0.03493680922935406,0.019724404765293004,0.2930943893889586,,,,,
-40.0,0.3923904200394948,0.0,,42,td3_bc,0.0,0.039277694653719664,0.022419342879826824,0.33069338127970693,,,,,
-39.0,0.3799034543335438,0.0,,42,td3_bc,0.0,0.03934328843218585,0.021147672785446048,0.3194124971826871,,,,,
-38.0,0.3505970798432827,0.0,,42,td3_bc,0.0,0.03908120905980468,0.019350593459481993,0.2921652759114901,,,,,
-37.0,0.37494093030691145,0.0,,42,td3_bc,0.0,0.035344214318320154,0.019817306846380233,0.31977941070993743,,,,,
-36.0,0.31514763409892715,0.0,,42,td3_bc,0.0,0.02895110681032141,0.018561692815274,0.26763483410080274,,,,,
-35.0,0.3246346816420555,0.0,,42,td3_bc,0.0,0.03004330856104692,0.017941815018032988,0.2766495590408643,,,,,
-34.0,0.33762987752755486,0.0,,42,td3_bc,0.0,0.03570460470703741,0.021877530807008345,0.28004773942132793,,,,,
-33.0,0.30867950270573297,0.0,,42,td3_bc,0.0,0.032653475925326345,0.016864839227249226,0.25916118795673054,,,,,
-32.0,0.3297969977060954,0.0,,42,td3_bc,0.0,0.03548701917752624,0.02012392971664667,0.2741860496501128,,,,,
-31.0,0.3230098555485407,0.0,,42,td3_bc,0.0,0.03013643415955206,0.019030681912166378,0.27384273782372476,,,,,
-30.0,0.2805540181696415,0.0,,42,td3_bc,0.0,0.027240856116016707,0.01720135862318178,0.23611180360118547,,,,,
-29.0,0.3168114088475704,0.0,,42,td3_bc,0.0,0.030505877391745647,0.017370423317576447,0.2689351086815198,,,,,
-28.0,0.28507214536269504,0.0,,42,td3_bc,0.0,0.029645504988729955,0.01776164839975536,0.23766499186555545,,,,,
-27.0,0.2974223961432775,0.0,,42,td3_bc,0.0,0.031032743056615193,0.017606719847147664,0.24878293201327323,,,,,
-26.0,0.29583458652098976,0.0,,42,td3_bc,0.0,0.03127313203488787,0.01992441574111581,0.2446370375653108,,,,,
-25.0,0.25854610552390417,0.0,,42,td3_bc,0.0,0.027334779392307003,0.01665320685133338,0.21455811969935895,,,,,
-24.0,0.27684454520543417,0.0,,42,td3_bc,0.0,0.02887483360245824,0.01813047829394539,0.22983923566838105,,,,,
-23.0,0.2660189223786195,0.0,,42,td3_bc,0.0,0.028245349321514367,0.018203494216625888,0.21957007721066474,,,,,
-22.0,0.2682796284556389,0.0,,42,td3_bc,0.0,0.0292884127702564,0.01855401382781565,0.2204372026026249,,,,,
-21.0,0.2805401379863421,0.0,,42,td3_bc,0.0,0.029188753307486572,0.017923987517133356,0.23342739964524906,,,,,
-20.0,0.27244661127527553,0.0,,42,td3_bc,0.0,0.026840552284071843,0.01719918716698885,0.228406872600317,,,,,
-19.0,0.29487795879443485,0.0,,42,td3_bc,0.0,0.030460505606606604,0.01982103173310558,0.24459642246365548,,,,,
-18.0,0.258549311508735,0.0,,42,td3_bc,0.0,0.02687509109576543,0.018095837455863753,0.2135783831278483,,,,,
-17.0,0.26839555526773134,0.0,,42,td3_bc,0.0,0.028885491006076337,0.017835082998499275,0.22167498134076596,,,,,
-16.0,0.2626227269570033,0.0,,42,td3_bc,0.0,0.029059833381325006,0.01719938248085479,0.21636351061364015,,,,,
-15.0,0.24749480076134206,0.0,,42,td3_bc,0.0,0.027512009224543967,0.01821582263801247,0.2017669695119063,,,,,
-14.0,0.2816620054344336,0.0,,42,td3_bc,0.0,0.030676793586462737,0.019771516571442285,0.23121369406580924,,,,,
-13.0,0.24263000984986624,0.0,,42,td3_bc,0.0,0.026075122769301136,0.01751647274941206,0.19903841527799765,,,,,
-12.0,0.2308780608077844,0.0,,42,td3_bc,0.0,0.02403194741345942,0.016988030914217234,0.18985808342695237,,,,,
-11.0,0.22877529536684355,0.0,,42,td3_bc,0.0,0.025638299994170666,0.017489872011356055,0.1856471228102843,,,,,
-10.0,0.259265440950791,0.0,,42,td3_bc,0.0,0.02752547673881054,0.018470604515944917,0.21326936011513073,,,,,
-9.0,0.23335626410941282,0.0,,42,td3_bc,0.0,0.02569552732942005,0.017875967112680278,0.18978477058311302,,,,,
-8.0,0.22755869776010512,0.0,,42,td3_bc,0.0,0.024849099526181816,0.017215044936165214,0.1854945526768764,,,,,
-7.0,0.2239099147419135,0.0,,42,td3_bc,0.0,0.024661907693371177,0.016687964228913187,0.18256004340946674,,,,,
-6.0,0.24019328591724237,0.0,,42,td3_bc,0.0,0.02829609316152831,0.018492046479756632,0.19340514577925205,,,,,
-5.0,0.23564273764689764,0.0,,42,td3_bc,0.0,0.026668040050814548,0.016587282173956434,0.1923874169588089,,,,,
-4.0,0.23011833180983862,0.0,,42,td3_bc,0.0,0.027006982654953996,0.01807707784076532,0.18503427132964134,,,,,
-3.0,0.2304167479276657,0.0,,42,td3_bc,0.0,0.026334588105479877,0.0175359393004328,0.18654621802270413,,,,,
-2.0,0.2520371144016584,0.0,,42,td3_bc,0.0,0.029674951949467263,0.018220573368792733,0.20414158763984838,,,,,
-1.0,0.2389623999595642,0.0,,42,td3_bc,0.0,0.027702260545144478,0.01888017205831905,0.19237996737162272,,,,,
0.0,9.41349983215332,0.0,,42,td3_bc,0.0,0.025896858423948288,0.01390477642416954,0.2846826910972595,0.0,,,,
1.0,10.072080612182617,0.0,,42,td3_bc,0.0,0.11684221029281616,0.04841167479753494,0.3199861943721771,0.0,,,,
2.0,7.197351455688477,0.0,,42,td3_bc,0.0,0.1778983175754547,0.043137747794389725,0.3300330638885498,0.0,,,,
3.0,8.330559730529785,0.0,,42,td3_bc,0.0,0.2135327309370041,0.06358978152275085,0.09454794228076935,0.0,,,,
4.0,4.443232536315918,0.0,,42,td3_bc,0.0,0.22705601155757904,0.06074930354952812,0.11489460617303848,0.0,,,,
5.0,7.035934925079346,0.0,,42,td3_bc,0.0,0.2291293740272522,0.08086324483156204,0.22791147232055664,0.0,,,,
6.0,9.017731666564941,0.0,,42,td3_bc,0.0,0.23317202925682068,0.07262957096099854,0.20491552352905273,0.0,,,,
7.0,11.031137466430664,0.0,,42,td3_bc,0.0,0.370421439409256,0.12551233172416687,0.20313966274261475,0.0,,,,
8.0,7.001937389373779,0.0,,42,td3_bc,0.0,0.23971641063690186,0.09028656035661697,0.19291922450065613,0.0,,,,
9.0,9.310900688171387,0.0,,42,td3_bc,0.0,0.2517207860946655,0.0972370058298111,0.135244220495224,0.0,,,,
10.0,8.071474075317383,0.0,,42,td3_bc,0.0,0.3715706467628479,0.12309128046035767,0.20845353603363037,0.0,,,,
11.0,9.202089309692383,0.0,,42,td3_bc,0.0,0.2737824022769928,0.12468604743480682,0.31520259380340576,0.0,,,,
12.0,7.608798503875732,0.0,,42,td3_bc,0.0,0.32787200808525085,0.13918134570121765,0.05300780385732651,0.0,,,,
13.0,6.7077250480651855,0.0,,42,td3_bc,0.0,0.5205016136169434,0.14909058809280396,0.23051699995994568,0.0,,,,
14.0,9.596707344055176,0.0,,42,td3_bc,0.0,1.312690019607544,0.515030562877655,0.09509981423616409,0.0,,,,
15.0,9.673418998718262,0.0,,42,td3_bc,0.0,0.2152172029018402,0.0829738974571228,0.20256081223487854,0.0,,,,
16.0,11.776034355163574,0.0,,42,td3_bc,0.0,0.3186330199241638,0.17964980006217957,0.17963024973869324,0.0,,,,
17.0,9.038060188293457,0.0,,42,td3_bc,0.0,0.25145766139030457,0.1268990933895111,0.21937774121761322,0.0,,,,
18.0,7.996259689331055,0.0,,42,td3_bc,0.0,0.7771553993225098,0.4023447036743164,0.31345292925834656,0.0,,,,
19.0,9.672714233398438,0.0,,42,td3_bc,0.0,0.6431887149810791,0.261278361082077,0.20629337430000305,0.0,,,,
20.0,7.2059831619262695,0.0,,42,td3_bc,0.0,0.4450054168701172,0.2000100016593933,0.2335696816444397,0.0,,,,
21.0,8.19910717010498,0.0,,42,td3_bc,0.0,0.8452683091163635,0.5290102362632751,0.32970958948135376,0.0,,,,
22.0,7.051895618438721,0.0,,42,td3_bc,0.0,0.1443963497877121,0.08102230727672577,0.3578602969646454,0.0,,,,
23.0,6.374067783355713,0.0,,42,td3_bc,0.0,0.211251899600029,0.144146129488945,0.2337137758731842,0.0,,,,
24.0,6.045321941375732,0.0,,42,td3_bc,0.0,0.20773980021476746,0.1614246368408203,0.23053210973739624,0.0,,,,
25.0,8.748933792114258,0.0,,42,td3_bc,0.0,0.4101773798465729,0.2139693796634674,0.5173578858375549,0.0,,,,
26.0,6.579361438751221,0.0,,42,td3_bc,0.0,0.29731887578964233,0.17116603255271912,0.4552593529224396,0.0,,,,
27.0,10.594715118408203,0.0,,42,td3_bc,0.0,1.3323496580123901,0.7792757749557495,1.046475887298584,0.0,,,,
28.0,10.31944465637207,0.0,,42,td3_bc,0.0,0.5973681211471558,0.2805447578430176,1.4000587463378906,0.0,,,,
29.0,7.901456356048584,0.0,,42,td3_bc,0.0,0.16731230914592743,0.10730168223381042,0.21343016624450684,0.0,,,,
30.0,8.81428050994873,0.0,,42,td3_bc,0.0,0.5447877645492554,0.467848002910614,1.040771722793579,0.0,,,,
31.0,6.046579360961914,0.0,,42,td3_bc,0.0,0.06627195328474045,0.02918371930718422,0.32554003596305847,0.0,,,,
32.0,4.499945163726807,0.0,,42,td3_bc,0.0,0.10105632990598679,0.06141038239002228,0.3749780058860779,0.0,,,,
33.0,3.4217934608459473,0.0,,42,td3_bc,0.0,0.32432499527931213,0.30105388164520264,0.9093328714370728,0.0,,,,
34.0,11.470345497131348,0.0,,42,td3_bc,0.0,0.7404743432998657,0.8108868598937988,5.299805641174316,0.0,,,,
35.0,5.143161773681641,0.0,,42,td3_bc,0.0,0.20341730117797852,0.16567115485668182,0.6897236108779907,0.0,,,,
36.0,5.211127758026123,0.0,,42,td3_bc,0.0,1.0621321201324463,1.1625949144363403,0.7806146144866943,0.0,,,,
37.0,2.213536024093628,0.0,,42,td3_bc,0.0,0.0503755584359169,0.04056928679347038,0.2980053424835205,0.0,,,,
38.0,1.8694407939910889,0.0,,42,td3_bc,0.0,0.06528106331825256,0.049151696264743805,0.2112116664648056,0.0,,,,
39.0,3.2228212356567383,0.0,,42,td3_bc,0.0,0.45169878005981445,0.5282735824584961,0.28774532675743103,0.0,,,,
40.0,3.678502321243286,0.0,,42,td3_bc,0.0,0.6291696429252625,0.5068747997283936,1.0964839458465576,0.0,,,,
41.0,4.005805492401123,0.0,,42,td3_bc,0.0,1.117181420326233,1.2491397857666016,0.6329772472381592,0.0,,,,
42.0,1.0633726119995117,0.0,,42,td3_bc,0.0,0.08397723734378815,0.060760051012039185,0.35304975509643555,0.0,,,,
43.0,4.2116241455078125,0.0,,42,td3_bc,0.0,0.08322890102863312,0.06009180471301079,0.498603880405426,0.0,,,,
44.0,2.0914642810821533,0.0,,42,td3_bc,0.0,0.6347547769546509,0.7432752847671509,0.5537115335464478,0.0,,,,
45.0,1.3422198295593262,0.0,,42,td3_bc,0.0,0.10996599495410919,0.07039007544517517,0.631915807723999,0.0,,,,
46.0,2.005056381225586,0.0,,42,td3_bc,0.0,0.08408132195472717,0.06992684304714203,0.448522686958313,0.0,,,,
47.0,2.2405686378479004,0.0,,42,td3_bc,0.0,0.048577211797237396,0.04041469842195511,0.2609546184539795,0.0,,,,
48.0,3.1303296089172363,0.0,,42,td3_bc,0.0,0.03180846571922302,0.024802612140774727,0.5604038238525391,0.0,,,,
49.0,2.123370409011841,0.0,,42,td3_bc,0.0,0.13327167928218842,0.09500600397586823,0.8308361172676086,0.0,,,,
-999.0,,,,42,full_cycle0_ranking,0.0,,,,,0.45916666666666667,0.719111706106881,0.6,0.8
-999.0,,,,42,full_cycle1_ranking,0.0,,,,,0.45124999999999993,0.719110552698469,0.5625,0.65
-999.0,,,,42,td3_bc_ranking,0.0,,,,,0.4840336134453782,0.7359315135831423,0.4375,0.575
0.0,,,0.3065760576476653,123,supervised,,,,,,,,,
-70.0,1.6908600807189942,0.0,,123,full_cycle0,0.0,0.6071152304609616,0.3904265043636163,0.6933183585604031,,,,,
-69.0,0.9567590951919556,0.0,,123,full_cycle0,0.0,0.290297065426906,0.19874252776304882,0.4677195057272911,,,,,
-68.0,0.8884088536103566,0.0,,123,full_cycle0,0.0,0.25564672077695527,0.16493491133054097,0.46782722175121305,,,,,
-67.0,0.786946132282416,0.0,,123,full_cycle0,0.0,0.223162604495883,0.14710264379779497,0.41668088833491007,,,,,
-66.0,0.8228376299142838,0.0,,123,full_cycle0,0.0,0.21212009737888973,0.13737335198869308,0.47334417725602784,,,,,
-65.0,0.8220748489101728,0.0,,123,full_cycle0,0.0,0.19127184102932612,0.1298163599645098,0.5009866468608379,,,,,
-64.0,0.6199240197738012,0.0,,123,full_cycle0,0.0,0.15117715957264105,0.1080428804581364,0.36070397943258287,,,,,
-63.0,0.734741485118866,0.0,,123,full_cycle0,0.0,0.17697440770765147,0.10890636059145133,0.44886071781317394,,,,,
-62.0,0.6020297740896543,0.0,,123,full_cycle0,0.0,0.1399644506474336,0.09705355285356441,0.36501176878809927,,,,,
-61.0,0.49247980838020644,0.0,,123,full_cycle0,0.0,0.10779298034807046,0.0715350636591514,0.3131517636279265,,,,,
-60.0,0.577818845709165,0.0,,123,full_cycle0,0.0,0.13645414722462496,0.08484425948311886,0.3565204347173373,,,,,
-59.0,0.6179523810744285,0.0,,123,full_cycle0,0.0,0.11473825896779696,0.07780577223747968,0.42540835042794545,,,,,
-58.0,0.4155474747220675,0.0,,123,full_cycle0,0.0,0.09191632121801377,0.05701237445076306,0.2666187800467014,,,,,
-57.0,0.5410518611470858,0.0,,123,full_cycle0,0.0,0.1143467603251338,0.07192070093005895,0.3547844015061855,,,,,
-56.0,0.40815082093079885,0.0,,123,full_cycle0,0.0,0.0826965080263714,0.05508248554542661,0.27037182822823524,,,,,
-55.0,0.46147486368815105,0.0,,123,full_cycle0,0.0,0.0962272737796108,0.06373654641211032,0.3015110452969869,,,,,
-54.0,0.38973328794042267,0.0,,123,full_cycle0,0.0,0.07075312960272034,0.047884790288905306,0.27109536801775297,,,,,
-53.0,0.37182764038443566,0.0,,123,full_cycle0,0.0,0.06522847389181455,0.0424971357298394,0.26410203203558924,,,,,
-52.0,0.393622953693072,0.0,,123,full_cycle0,0.0,0.07519236064205567,0.046613134598980345,0.27181745606164137,,,,,
-51.0,0.36670026058952016,0.0,,123,full_cycle0,0.0,0.06733589606980482,0.042974501755088566,0.25638986776272454,,,,,
-50.0,0.3715710916866859,0.0,,123,full_cycle0,0.0,0.0574296187919875,0.041132656919459505,0.27300881582001846,,,,,
-49.0,0.5321857422590256,0.0,,123,full_cycle0,0.0,0.09818528151760499,0.06054250585536162,0.37345795209209126,,,,,
-48.0,0.4121797144412994,0.0,,123,full_cycle0,0.0,0.0772866598640879,0.051507245594014726,0.28338580938676994,,,,,
-47.0,0.3161282889544964,0.0,,123,full_cycle0,0.0,0.06233774209395051,0.03901455719023943,0.2147759884595871,,,,,
-46.0,0.3473135796686014,0.0,,123,full_cycle0,0.0,0.060760976777722436,0.03849559344040851,0.24805700927972793,,,,,
-45.0,0.4041110811134179,0.0,,123,full_cycle0,0.0,0.06455348413437605,0.04646499867861469,0.2930925962825616,,,,,
-44.0,0.32332036371032397,0.0,,123,full_cycle0,0.0,0.06383485219751796,0.040825295634567736,0.21866021466751892,,,,,
-43.0,0.3823057348529498,0.0,,123,full_cycle0,0.0,0.06703552150477966,0.04352813408089181,0.27174207965532937,,,,,
-42.0,0.6082875271638234,0.0,,123,full_cycle0,0.0,0.11084391524394353,0.07169729800273975,0.42574631484846276,,,,,
-41.0,0.42881061707933743,0.0,,123,full_cycle0,0.0,0.07894769702106715,0.058318774402141574,0.29154414546986424,,,,,
-40.0,0.42265641565124196,0.0,,123,full_cycle0,0.0,0.07728607474515835,0.05226007634773851,0.2931102618575096,,,,,
-39.0,0.4863159475227197,0.0,,123,full_cycle0,0.0,0.08761433648566405,0.05801440613965193,0.3406872025380532,,,,,
-38.0,0.35307650789618494,0.0,,123,full_cycle0,0.0,0.0690122830371062,0.04616113575175405,0.23790308920045694,,,,,
-37.0,0.3244851643840472,0.0,,123,full_cycle0,0.0,0.057319934883465366,0.03638397886728247,0.23078125094374022,,,,,
-36.0,0.3074351886908213,0.0,,123,full_cycle0,0.0,0.049737025921543436,0.036152687420447666,0.2215454747279485,,,,,
-35.0,0.3537246331572533,0.0,,123,full_cycle0,0.0,0.07255289244155089,0.039023475845654805,0.24214826188981534,,,,,
-34.0,0.2907700049380461,0.0,,123,full_cycle0,0.0,0.05570068582892418,0.033695093682035805,0.2013742265601953,,,,,
-33.0,0.39096670572956405,0.0,,123,full_cycle0,0.0,0.07032945280273756,0.04255392518825829,0.27808332815766335,,,,,
-32.0,0.3135513313114643,0.0,,123,full_cycle0,0.0,0.05619457370291154,0.037710388222088415,0.21964636916915575,,,,,
-31.0,0.40992797041932744,0.0,,123,full_cycle0,0.0,0.06537798612068096,0.04519726221139232,0.2993527243534724,,,,,
-30.0,0.35687051191926,0.0,,123,full_cycle0,0.0,0.05973026907692353,0.03951119147241115,0.2576290511836608,,,,,
-29.0,0.32079969843228656,0.0,,123,full_cycle0,0.0,0.05727330101653934,0.036719266806418696,0.2268071288863818,,,,,
-28.0,0.2960675296684106,0.0,,123,full_cycle0,0.0,0.049498669585833946,0.03168256403878331,0.21488629567126433,,,,,
-27.0,0.26607077618439995,0.0,,123,full_cycle0,0.0,0.04560000194857518,0.02984145989951988,0.1906293135136366,,,,,
-26.0,0.3588983173171679,0.0,,123,full_cycle0,0.0,0.05405433842291434,0.037520618022729955,0.2673233591020107,,,,,
-25.0,0.48202101811766623,0.0,,123,full_cycle0,0.0,0.08620661590248346,0.05253704568992058,0.34327735801537834,,,,,
-24.0,0.3215251286824544,0.0,,123,full_cycle0,0.0,0.06360138142481446,0.03683591165269415,0.22108783635000387,,,,,
-23.0,0.30819103345274923,0.0,,123,full_cycle0,0.0,0.0498227600629131,0.033730501557389894,0.22463777412970862,,,,,
-22.0,0.277715715020895,0.0,,123,full_cycle0,0.0,0.046811559982597825,0.03104600760464867,0.19985814777513344,,,,,
-21.0,0.28170950201650463,0.0,,123,full_cycle0,0.0,0.04646394822436074,0.03079967285351207,0.20444588102400302,,,,,
-20.0,0.2611317438383897,0.0,,123,full_cycle0,0.0,0.04598074754079183,0.029541953513398767,0.1856090425203244,,,,,
-19.0,0.23529371408124763,0.0,,123,full_cycle0,0.0,0.039377388823777434,0.024708091824625928,0.1712082352489233,,,,,
-18.0,0.2609443224966526,0.0,,123,full_cycle0,0.0,0.03922843569889665,0.026069594205667575,0.19564629172285397,,,,,
-17.0,0.2500962773958842,0.0,,123,full_cycle0,0.0,0.04297202238813043,0.027636898945396147,0.17948735517760117,,,,,
-16.0,0.26667137841383615,0.0,,123,full_cycle0,0.0,0.044631694443523884,0.02689611501991749,0.19514356938501198,,,,,
-15.0,0.3395713038742542,0.0,,123,full_cycle0,0.0,0.05105333530033628,0.03575750348779062,0.2527604630837838,,,,,
-14.0,0.3236965884764989,0.0,,123,full_cycle0,0.0,0.05052826941634218,0.037274038729568325,0.23589428141713142,,,,,
-13.0,0.22878728471696377,0.0,,123,full_cycle0,0.0,0.035574954748153684,0.02516724409845968,0.16804508504768212,,,,,
-12.0,0.3191216049094995,0.0,,123,full_cycle0,0.0,0.0507439368404448,0.0332048533950001,0.2351728164901336,,,,,
-11.0,0.26978043268124263,0.0,,123,full_cycle0,0.0,0.047473244834691286,0.030171450739726425,0.1921357363462448,,,,,
-10.0,0.24634396036465964,0.0,,123,full_cycle0,0.0,0.038369368528947234,0.026370004362737138,0.18160458790759246,,,,,
-9.0,0.25757264979183675,0.0,,123,full_cycle0,0.0,0.039596022975941496,0.02725907036413749,0.19071755595505238,,,,,
-8.0,0.3049591484169165,0.0,,123,full_cycle0,0.0,0.046265168006842335,0.032033058302477005,0.22666092043121655,,,,,
-7.0,0.21311467178165913,0.0,,123,full_cycle0,0.0,0.03336631798495849,0.021307016086454193,0.15844133688757817,,,,,
-6.0,0.21673146647711594,0.0,,123,full_cycle0,0.0,0.03439438031055033,0.02214835616759956,0.16018872981270155,,,,,
-5.0,0.23444463287790615,0.0,,123,full_cycle0,0.0,0.037500265333801505,0.025162869645282627,0.17178149757285913,,,,,
-4.0,0.24624499827623367,0.0,,123,full_cycle0,0.0,0.03510319065923492,0.025288306549191474,0.18585350140929222,,,,,
-3.0,0.2650422212978204,0.0,,123,full_cycle0,0.0,0.038967501216878496,0.02839614966263374,0.19767857144276302,,,,,
-2.0,0.22826861999928952,0.0,,123,full_cycle0,0.0,0.03425748913238446,0.02258335901424289,0.1714277724424998,,,,,
-1.0,0.25223201687137287,0.0,,123,full_cycle0,0.0,0.039587086997926235,0.024934078721950453,0.1877108501891295,,,,,
0.0,9.702855110168457,-0.037597134709358215,,123,full_cycle0,1.0,0.030832376331090927,0.015567589551210403,0.14973363280296326,1.0,,,,
1.0,9.697124481201172,0.0,,123,full_cycle0,1.0,0.188635915517807,0.10551375150680542,0.20710121095180511,10.0,,,,
2.0,12.59311580657959,0.013410673476755619,,123,full_cycle0,1.0,0.18992310762405396,0.07456885278224945,0.12843231856822968,20.0,,,,
3.0,7.92584228515625,0.0,,123,full_cycle0,1.0,0.3166912794113159,0.08404123038053513,0.18323646485805511,29.0,,,,
4.0,11.233236312866211,-0.05298961326479912,,123,full_cycle0,1.0,0.31354546546936035,0.08406377583742142,0.6847614645957947,39.0,,,,
5.0,9.57336139678955,0.0,,123,full_cycle0,1.0,0.10544665157794952,0.02208016812801361,0.12112118303775787,48.0,,,,
6.0,8.27502155303955,-0.043775107711553574,,123,full_cycle0,1.0,0.17088553309440613,0.04754136502742767,0.18053314089775085,58.0,,,,
7.0,8.971577644348145,0.0,,123,full_cycle0,1.0,0.39385855197906494,0.16849017143249512,0.14409539103507996,67.0,,,,
8.0,11.662925720214844,-0.024337109178304672,,123,full_cycle0,1.0,0.3697354197502136,0.11025960743427277,0.15503500401973724,77.0,,,,
9.0,8.06291675567627,0.0,,123,full_cycle0,1.0,0.6276573538780212,0.21786978840827942,0.1983889639377594,86.0,,,,
10.0,9.888829231262207,-0.07122279703617096,,123,full_cycle0,1.0,0.33090877532958984,0.1595245599746704,0.22031459212303162,96.0,,,,
11.0,9.314776420593262,0.0,,123,full_cycle0,1.0,0.714572548866272,0.37193727493286133,0.1298719197511673,105.0,,,,
12.0,7.659825325012207,-0.08924280107021332,,123,full_cycle0,1.0,0.4259437918663025,0.2170598804950714,0.19014467298984528,115.0,,,,
13.0,10.352879524230957,0.0,,123,full_cycle0,1.0,0.3569505214691162,0.20133304595947266,0.1726415753364563,124.0,,,,
14.0,8.616299629211426,-0.07345563173294067,,123,full_cycle0,1.0,0.6048111915588379,0.1968395709991455,0.4774566888809204,134.0,,,,
15.0,10.041948318481445,0.0,,123,full_cycle0,1.0,0.26095050573349,0.09789754450321198,0.0959305539727211,143.0,,,,
16.0,11.11710262298584,-0.07882838696241379,,123,full_cycle0,1.0,0.16856642067432404,0.03941704332828522,0.24749675393104553,153.0,,,,
17.0,7.878058433532715,0.0,,123,full_cycle0,1.0,0.5522904396057129,0.18320737779140472,0.3296312689781189,162.0,,,,
18.0,9.650044441223145,-0.058706704527139664,,123,full_cycle0,1.0,0.34916022419929504,0.11409921944141388,0.2970677614212036,172.0,,,,
19.0,7.384523391723633,0.0,,123,full_cycle0,1.0,0.5926755666732788,0.3194822371006012,0.12996968626976013,181.0,,,,
20.0,10.69522476196289,-0.06650198251008987,,123,full_cycle0,1.0,0.7571530342102051,0.49344345927238464,0.9458121061325073,191.0,,,,
21.0,8.474130630493164,0.0,,123,full_cycle0,1.0,0.3544524312019348,0.17657743394374847,0.5762385129928589,200.0,,,,
22.0,7.84507417678833,-0.12532833218574524,,123,full_cycle0,1.0,0.3754770755767822,0.28179654479026794,0.3619721233844757,210.0,,,,
23.0,10.744071960449219,0.0,,123,full_cycle0,1.0,0.772598147392273,0.3611631989479065,0.9165798425674438,219.0,,,,
24.0,9.426519393920898,-0.17750386893749237,,123,full_cycle0,1.0,0.13681922852993011,0.09101950377225876,0.4179166853427887,229.0,,,,
25.0,8.066349983215332,0.0,,123,full_cycle0,1.0,1.2555394172668457,0.8583875894546509,0.7173812389373779,238.0,,,,
26.0,11.950328826904297,-0.20297075808048248,,123,full_cycle0,1.0,0.8198509216308594,0.4773348867893219,1.2673792839050293,248.0,,,,
27.0,8.3593111038208,0.0,,123,full_cycle0,1.0,0.4769758880138397,0.22939041256904602,0.6161757707595825,257.0,,,,
28.0,5.3406195640563965,-0.338799387216568,,123,full_cycle0,1.0,0.39164674282073975,0.22713810205459595,0.3765205442905426,267.0,,,,
29.0,9.024622917175293,0.0,,123,full_cycle0,1.0,0.6812547445297241,0.5186347365379333,2.3019497394561768,276.0,,,,
30.0,7.330673694610596,-0.33490777015686035,,123,full_cycle0,1.0,0.3460503816604614,0.20368912816047668,0.6360113620758057,286.0,,,,
31.0,5.737823009490967,0.0,,123,full_cycle0,1.0,0.363595575094223,0.15329810976982117,0.5646613240242004,295.0,,,,
32.0,3.4379963874816895,-0.3870716691017151,,123,full_cycle0,1.0,0.8666664361953735,0.948883056640625,0.26663488149642944,305.0,,,,
33.0,5.305812835693359,0.0,,123,full_cycle0,1.0,0.2276357114315033,0.08883879333734512,0.15608395636081696,314.0,,,,
34.0,4.813842296600342,-0.3699582517147064,,123,full_cycle0,1.0,0.17363348603248596,0.12405842542648315,1.1298255920410156,324.0,,,,
35.0,10.625041961669922,0.0,,123,full_cycle0,1.0,2.274667263031006,2.3661532402038574,2.904026508331299,333.0,,,,
36.0,6.137514114379883,-0.460233598947525,,123,full_cycle0,1.0,1.1319763660430908,1.1403889656066895,1.2828172445297241,343.0,,,,
37.0,2.329406261444092,0.0,,123,full_cycle0,1.0,0.3175275921821594,0.22012017667293549,0.25866931676864624,352.0,,,,
38.0,5.294355392456055,-0.3665114939212799,,123,full_cycle0,1.0,0.5135233402252197,0.45488765835762024,0.7840012311935425,362.0,,,,
39.0,2.915423631668091,0.0,,123,full_cycle0,1.0,0.5550796985626221,0.6578109860420227,0.5114973783493042,371.0,,,,
40.0,1.6861659288406372,-0.12893925607204437,,123,full_cycle0,1.0,0.1542462706565857,0.07571163773536682,0.29970017075538635,381.0,,,,
41.0,3.3683078289031982,0.0,,123,full_cycle0,1.0,0.4392761290073395,0.26387345790863037,0.709425151348114,390.0,,,,
42.0,5.1127519607543945,-0.33278948068618774,,123,full_cycle0,1.0,0.40396106243133545,0.4292626976966858,3.094829559326172,400.0,,,,
43.0,2.926875352859497,0.0,,123,full_cycle0,1.0,0.28489387035369873,0.12991830706596375,1.4077955484390259,409.0,,,,
44.0,2.8320889472961426,-0.3347592353820801,,123,full_cycle0,1.0,0.2271585315465927,0.05021929740905762,0.39456111192703247,419.0,,,,
45.0,1.5981260538101196,0.0,,123,full_cycle0,1.0,0.11758451908826828,0.06303368508815765,0.36039113998413086,428.0,,,,
46.0,3.014416217803955,-0.28450796008110046,,123,full_cycle0,1.0,0.5070062875747681,0.6456571221351624,0.2839561998844147,438.0,,,,
47.0,1.1066539287567139,0.0,,123,full_cycle0,1.0,0.19587931036949158,0.10176708549261093,0.28001686930656433,447.0,,,,
48.0,1.5700629949569702,-0.2793315052986145,,123,full_cycle0,1.0,0.09391157329082489,0.057252705097198486,0.151373490691185,457.0,,,,
49.0,2.774864673614502,0.0,,123,full_cycle0,1.0,0.2033664584159851,0.09020964801311493,0.699063777923584,466.0,,,,
-40.0,1.697228157520294,0.0,,123,full_cycle1,0.0,0.6327117691437404,0.37655988360444703,0.6879565035303433,,,,,
-39.0,1.014570140838623,0.0,,123,full_cycle1,0.0,0.30925570155183474,0.19358318944772085,0.5117312481005987,,,,,
-38.0,0.8380529761314393,0.0,,123,full_cycle1,0.0,0.24098439663648605,0.16321950343747935,0.43384907792011895,,,,,
-37.0,0.5850046371420224,0.0,,123,full_cycle1,0.0,0.16304100727041562,0.10082621270169814,0.3211374113957087,,,,,
-36.0,0.7019083047906558,0.0,,123,full_cycle1,0.0,0.1656285102168719,0.10734212206055721,0.42893767381707826,,,,,
-35.0,0.6193385904033979,0.0,,123,full_cycle1,0.0,0.149592204640309,0.0963896627848347,0.3733567250271638,,,,,
-34.0,0.6616704603036244,0.0,,123,full_cycle1,0.0,0.15995028341809908,0.10498511269688607,0.39673506915569307,,,,,
-33.0,0.6600571408867836,0.0,,123,full_cycle1,0.0,0.1586481789747874,0.10352574090162912,0.39788322200377785,,,,,
-32.0,0.551692894846201,0.0,,123,full_cycle1,0.0,0.12379485629498958,0.08237691391259432,0.3455211214721203,,,,,
-31.0,0.5265170976519584,0.0,,123,full_cycle1,0.0,0.10824719667434693,0.07197515747199455,0.34629474505782126,,,,,
-30.0,0.6497981116175652,0.0,,123,full_cycle1,0.0,0.12973421743760508,0.09007303441564242,0.4299908585846424,,,,,
-29.0,0.4869446292519569,0.0,,123,full_cycle1,0.0,0.10027160483102003,0.06629999993989864,0.32037302864094575,,,,,
-28.0,0.41833531484007835,0.0,,123,full_cycle1,0.0,0.08846244687835375,0.05442152072985967,0.27545134698351226,,,,,
-27.0,0.584708034992218,0.0,,123,full_cycle1,0.0,0.10731083030502002,0.0723144194111228,0.40508278583486873,,,,,
-26.0,0.4960772742827733,0.0,,123,full_cycle1,0.0,0.09769370437910159,0.06609340962022543,0.3322901642570893,,,,,
-25.0,0.37521211231748264,0.0,,123,full_cycle1,0.0,0.07934753553320964,0.046098151616752146,0.24976642529169718,,,,,
-24.0,0.5093479057153066,0.0,,123,full_cycle1,0.0,0.09578209600100915,0.06181882666423917,0.3517469858129819,,,,,
-23.0,0.5643439499040445,0.0,,123,full_cycle1,0.0,0.09688223873575529,0.06630846116070946,0.4011532502869765,,,,,
-22.0,0.47940705219904584,0.0,,123,full_cycle1,0.0,0.10181435340394576,0.060756730288267134,0.31683596956233184,,,,,
-21.0,0.5384559142092864,0.0,,123,full_cycle1,0.0,0.11119642406702042,0.06184876278663675,0.36541072962184745,,,,,
-20.0,0.46398310909668605,0.0,,123,full_cycle1,0.0,0.0915286318709453,0.05761075004314383,0.31484372690320017,,,,,
-19.0,0.4017142839729786,0.0,,123,full_cycle1,0.0,0.07558927591890097,0.04828507400428255,0.2778399319698413,,,,,
-18.0,0.5785693195958932,0.0,,123,full_cycle1,0.0,0.09387430691470702,0.06487234911570947,0.41982266629735626,,,,,
-17.0,0.451308632393678,0.0,,123,full_cycle1,0.0,0.0835564374923706,0.051301554900904496,0.3164506383240223,,,,,
-16.0,0.45935722813010216,0.0,,123,full_cycle1,0.0,0.08197030664111177,0.056922549319763975,0.3204643717656533,,,,,
-15.0,0.3853120895723502,0.0,,123,full_cycle1,0.0,0.06713465905437867,0.04578110945100586,0.2723963196078936,,,,,
-14.0,0.3143983768920104,0.0,,123,full_cycle1,0.0,0.056103786422560614,0.03610786454131206,0.22218672620753446,,,,,
-13.0,0.34662377660473187,0.0,,123,full_cycle1,0.0,0.058738172457863884,0.039231692192455134,0.2486539114266634,,,,,
-12.0,0.378098077327013,0.0,,123,full_cycle1,0.0,0.06794702429324388,0.046725816931575535,0.2634252366920312,,,,,
-11.0,0.29490336738526823,0.0,,123,full_cycle1,0.0,0.051745922615130745,0.03027187379387518,0.21288557015359402,,,,,
-10.0,0.3802658922970295,0.0,,123,full_cycle1,0.0,0.06425277898088097,0.041712347355981665,0.27430076686044536,,,,,
-9.0,0.42976716880997023,0.0,,123,full_cycle1,0.0,0.06717414647961656,0.04623689486955603,0.316356127957503,,,,,
-8.0,0.5458776161074639,0.0,,123,full_cycle1,0.0,0.0998175403724114,0.06992450514808297,0.3761355725427469,,,,,
-7.0,0.3267752302189668,0.0,,123,full_cycle1,0.0,0.0630092474942406,0.035968045517802236,0.22779793689648312,,,,,
-6.0,0.32057797387242315,0.0,,123,full_cycle1,0.0,0.056676202733069656,0.0354133163113147,0.22848845422267913,,,,,
-5.0,0.3819208728770415,0.0,,123,full_cycle1,0.0,0.060655926913022996,0.03992715086787939,0.28133779217799504,,,,,
-4.0,0.30217015693585075,0.0,,123,full_cycle1,0.0,0.05730719522883495,0.033429805344591536,0.21143315844237803,,,,,
-3.0,0.37123375535011294,0.0,,123,full_cycle1,0.0,0.06274796330059568,0.04230545402194063,0.2661803358544906,,,,,
-2.0,0.3541492265959581,0.0,,123,full_cycle1,0.0,0.062335073264936605,0.04258537399582565,0.2492287803441286,,,,,
-1.0,0.30443408725162346,0.0,,123,full_cycle1,0.0,0.05653005590041479,0.03368306408325831,0.21422096714377403,,,,,
-40.0,1.7452609330415725,0.0,,123,td3_bc,0.0,0.6321800105273724,0.39759445389111836,0.7154864594340324,,,,,
-39.0,1.0406241317590077,0.0,,123,td3_bc,0.0,0.33283321037888525,0.21412006343404452,0.4936708594361941,,,,,
-38.0,0.7870311458905538,0.0,,123,td3_bc,0.0,0.23997010303040345,0.14985215663909912,0.39720888137817384,,,,,
-37.0,0.785211157798767,0.0,,123,td3_bc,0.0,0.2135394272704919,0.1322285931557417,0.4394431345164776,,,,,
-36.0,0.6649271637201309,0.0,,123,td3_bc,0.0,0.1722004970535636,0.11557007934898138,0.37715658942858377,,,,,
-35.0,0.6735913187265397,0.0,,123,td3_bc,0.0,0.1599281175682942,0.10798148959875106,0.40568171069025993,,,,,
-34.0,0.5394974867502849,0.0,,123,td3_bc,0.0,0.13260411266237498,0.08676686050991217,0.3201265128950278,,,,,
-33.0,0.5954215680559476,0.0,,123,td3_bc,0.0,0.13449838310480117,0.08738580755889416,0.373537373294433,,,,,
-32.0,0.6194462383786837,0.0,,123,td3_bc,0.0,0.1331294705470403,0.08753739924480518,0.39877937038739525,,,,,
-31.0,0.470418731123209,0.0,,123,td3_bc,0.0,0.10589707021911939,0.0695912073055903,0.29493045384685196,,,,,
-30.0,0.5418431306878726,0.0,,123,td3_bc,0.0,0.11211836611231168,0.0742590601866444,0.35546570320924126,,,,,
-29.0,0.676323335369428,0.0,,123,td3_bc,0.0,0.13633628233025472,0.08982703698178132,0.4501600153744221,,,,,
-28.0,0.7634049788117409,0.0,,123,td3_bc,0.0,0.17412225020428498,0.10303482872744402,0.4862478936711947,,,,,
-27.0,0.5189699610074361,0.0,,123,td3_bc,0.0,0.11280805797626575,0.0774903554469347,0.3286715475221475,,,,,
-26.0,0.5114963442087174,0.0,,123,td3_bc,0.0,0.11475048046559096,0.06342296575506529,0.33332289593915143,,,,,
-25.0,0.5369890180726846,0.0,,123,td3_bc,0.0,0.10055604856461287,0.0628949754871428,0.37353799467285476,,,,,
-24.0,0.48480999196569124,0.0,,123,td3_bc,0.0,0.09743516196807225,0.06666011059035858,0.32071471996605394,,,,,
-23.0,0.48770051474372544,0.0,,123,td3_bc,0.0,0.09437052756547928,0.06375787562380235,0.3295721121132374,,,,,
-22.0,0.4741472428043683,0.0,,123,td3_bc,0.0,0.0969308124234279,0.06313375340153773,0.31408267592390376,,,,,
-21.0,0.4448393518726031,0.0,,123,td3_bc,0.0,0.08331501080344121,0.06036130155747135,0.301163042212526,,,,,
-20.0,0.4465618113676707,0.0,,123,td3_bc,0.0,0.08376153204590082,0.056474213115870954,0.3063260632256667,,,,,
-19.0,0.4110112550357978,0.0,,123,td3_bc,0.0,0.0725661214441061,0.04939698170249661,0.28904815688729285,,,,,
-18.0,0.3645357422530651,0.0,,123,td3_bc,0.0,0.0674157863482833,0.04558869445075591,0.25153126269578935,,,,,
-17.0,0.39722218389312425,0.0,,123,td3_bc,0.0,0.07421465944498777,0.04664064875493447,0.2763668733338515,,,,,
-16.0,0.45081164365013443,0.0,,123,td3_bc,0.0,0.07258262435595195,0.05227786305670937,0.32595115738610425,,,,,
-15.0,0.4653968806068102,0.0,,123,td3_bc,0.0,0.07839074389388163,0.05432478211199244,0.33268135562539103,,,,,
-14.0,0.40704213281472523,0.0,,123,td3_bc,0.0,0.0732164965942502,0.04839831783125798,0.28542731814086436,,,,,
-13.0,0.3840123978753885,0.0,,123,td3_bc,0.0,0.06555182449519634,0.044041611502567926,0.2744189638644457,,,,,
-12.0,0.3718270865579446,0.0,,123,td3_bc,0.0,0.06513330905387799,0.04472161466255784,0.26197216138243673,,,,,
-11.0,0.38346362809340157,0.0,,123,td3_bc,0.0,0.0670723745599389,0.04466303717344999,0.27172821611166,,,,,
-10.0,0.3965161164601644,0.0,,123,td3_bc,0.0,0.0724090931005776,0.04529444181049864,0.278812583660086,,,,,
-9.0,0.37350487150251865,0.0,,123,td3_bc,0.0,0.06266391963387528,0.0457744454809775,0.2650665079553922,,,,,
-8.0,0.4269585338731607,0.0,,123,td3_bc,0.0,0.07452980102971196,0.04662039776643117,0.3058083343009154,,,,,
-7.0,0.3302837205429872,0.0,,123,td3_bc,0.0,0.0625476463076969,0.0381418544643869,0.22959421935180824,,,,,
-6.0,0.4115796265502771,0.0,,123,td3_bc,0.0,0.07312456658110023,0.04702735521520177,0.29142770369847615,,,,,
-5.0,0.3112311795353889,0.0,,123,td3_bc,0.0,0.05852815425023437,0.038060882780700925,0.2146421408901612,,,,,
-4.0,0.43075236429770786,0.0,,123,td3_bc,0.0,0.06990598679209749,0.04808767723540465,0.31275870054960253,,,,,
-3.0,0.402843647201856,0.0,,123,td3_bc,0.0,0.07607990888257822,0.049704073617855705,0.2770596669365962,,,,,
-2.0,0.3190089556078116,0.0,,123,td3_bc,0.0,0.056523532265176375,0.038648931713153915,0.22383649175365766,,,,,
-1.0,0.2876106224954128,0.0,,123,td3_bc,0.0,0.04866966338207324,0.032834229866663615,0.2061067283153534,,,,,
-999.0,,,,123,full_cycle0_ranking,0.0,,,,,0.39458333333333334,0.6705435302857327,0.1625,0.325
-999.0,,,,123,full_cycle1_ranking,0.0,,,,,0.13145833333333334,0.5588097785335526,0.1125,0.225
-999.0,,,,123,td3_bc_ranking,0.0,,,,,0.278781512605042,0.6200471787524293,0.1375,0.175
0.0,,,0.2953148235877355,2026,supervised,,,,,,,,,
-40.0,2.081108443935712,0.0,,2026,full_cycle0,0.0,0.8035205995043119,0.4717521257698536,0.8058357213934263,,,,,
-39.0,1.1115452061096827,0.0,,2026,full_cycle0,0.0,0.366548545161883,0.2321391982336839,0.5128574714064598,,,,,
-38.0,0.9206610282262166,0.0,,2026,full_cycle0,0.0,0.2601028271019459,0.17637410797178746,0.4841840957601865,,,,,
-37.0,0.8627126147349675,0.0,,2026,full_cycle0,0.0,0.2502460276087125,0.17121166040500005,0.441254926721255,,,,,
-36.0,0.7366533905267716,0.0,,2026,full_cycle0,0.0,0.20444825900097688,0.13941429735471805,0.3927908326188723,,,,,
-35.0,0.757688082754612,0.0,,2026,full_cycle0,0.0,0.18625527918338775,0.12623882287492355,0.4451939771572749,,,,,
-34.0,0.833779725432396,0.0,,2026,full_cycle0,0.0,0.20991484858095646,0.13990072906017303,0.483964150895675,,,,,
-33.0,0.5858902355035146,0.0,,2026,full_cycle0,0.0,0.16892422425250211,0.11098179121812185,0.30598422003289066,,,,,
-32.0,0.6683327565590541,0.0,,2026,full_cycle0,0.0,0.147613985153536,0.10202967263758182,0.41868909796079,,,,,
-31.0,0.6338321596384049,0.0,,2026,full_cycle0,0.0,0.14496731646358968,0.1006046874448657,0.388260151942571,,,,,
-30.0,0.7228015303611756,0.0,,2026,full_cycle0,0.0,0.16022360598047575,0.1129093618442615,0.4496685564517975,,,,,
-29.0,0.5889886031548183,0.0,,2026,full_cycle0,0.0,0.13249016553163528,0.09385453344633182,0.36264390250047046,,,,,
-28.0,0.6897507771849632,0.0,,2026,full_cycle0,0.0,0.1595145241667827,0.10181800636152426,0.42841824715336163,,,,,
-27.0,0.5263079548875491,0.0,,2026,full_cycle0,0.0,0.1253822987899184,0.0810513624921441,0.319874290873607,,,,,
-26.0,0.5311019162336985,0.0,,2026,full_cycle0,0.0,0.11614143860836824,0.07989283154408137,0.3350676491856575,,,,,
-25.0,0.6570751284559567,0.0,,2026,full_cycle0,0.0,0.1309381146604816,0.09533842417101066,0.4307985931634903,,,,,
-24.0,0.5418175674974919,0.0,,2026,full_cycle0,0.0,0.114349102973938,0.07805143923809131,0.34941702460249263,,,,,
-23.0,0.4961530101795991,0.0,,2026,full_cycle0,0.0,0.11106812227517367,0.07309206537902355,0.31199282333254813,,,,,
-22.0,0.5488674998283386,0.0,,2026,full_cycle0,0.0,0.11913103039065996,0.07826089784502983,0.3514755686124166,,,,,
-21.0,0.45559224536021553,0.0,,2026,full_cycle0,0.0,0.10212331414222717,0.06564496019855141,0.28782397160927453,,,,,
-20.0,0.45818244392673174,0.0,,2026,full_cycle0,0.0,0.10146270698557297,0.0628818679911395,0.29383786966403325,,,,,
-19.0,0.3661921498676141,0.0,,2026,full_cycle0,0.0,0.0755466403439641,0.05217550393814842,0.2384700062374274,,,,,
-18.0,0.44337503959735236,0.0,,2026,full_cycle0,0.0,0.08681743641694387,0.05599150980512301,0.3005660898983479,,,,,
-17.0,0.4970228436092536,0.0,,2026,full_cycle0,0.0,0.10037795988221963,0.06938570489486058,0.32725917994976045,,,,,
-16.0,0.45822752416133883,0.0,,2026,full_cycle0,0.0,0.09756840157012145,0.06578212582195798,0.2948769954343637,,,,,
-15.0,0.4637857901553313,0.0,,2026,full_cycle0,0.0,0.09474109193931023,0.060547038353979586,0.3084976596136888,,,,,
-14.0,0.4585480511188507,0.0,,2026,full_cycle0,0.0,0.09322900710006556,0.06272673405086,0.3025923120478789,,,,,
-13.0,0.5169036616881688,0.0,,2026,full_cycle0,0.0,0.09741670675575734,0.06314906872188052,0.3563378884146611,,,,,
-12.0,0.41371468007564544,0.0,,2026,full_cycle0,0.0,0.08666155611475308,0.059608992251257105,0.26744413127501804,,,,,
-11.0,0.4619327428440253,0.0,,2026,full_cycle0,0.0,0.09383043429503839,0.0594090967439115,0.30869321326414745,,,,,
-10.0,0.35958636527260146,0.0,,2026,full_cycle0,0.0,0.07171119054158528,0.04924773974344134,0.238627436136206,,,,,
-9.0,0.4043927361567815,0.0,,2026,full_cycle0,0.0,0.07906893758724133,0.04984685778617859,0.27547693823774655,,,,,
-8.0,0.36433332140247027,0.0,,2026,full_cycle0,0.0,0.06549452599138021,0.044194720188776654,0.2546440759052833,,,,,
-7.0,0.4384888355930646,0.0,,2026,full_cycle0,0.0,0.1009240527326862,0.054872434803595146,0.2826923488328854,,,,,
-6.0,0.35923391009370487,0.0,,2026,full_cycle0,0.0,0.07144615153471628,0.04663722881426414,0.24115053216616314,,,,,
-5.0,0.4528002753853798,0.0,,2026,full_cycle0,0.0,0.08289266284555197,0.053744585377474625,0.3161630274107059,,,,,
-4.0,0.4678646743297577,0.0,,2026,full_cycle0,0.0,0.11256692751000325,0.06412188348670801,0.2911758631467819,,,,,
-3.0,0.3598600039879481,0.0,,2026,full_cycle0,0.0,0.06948130472252766,0.04830691888928414,0.242071782797575,,,,,
-2.0,0.35211639453967414,0.0,,2026,full_cycle0,0.0,0.06632602627699574,0.043278444558382034,0.24251192373534045,,,,,
-1.0,0.3427673665185769,0.0,,2026,full_cycle0,0.0,0.07101541813462972,0.0441576153660814,0.22759433190027872,,,,,
-40.0,1.942258949081103,0.0,,2026,full_cycle1,0.0,0.732892033457756,0.4505701420207818,0.7587967644135157,,,,,
-39.0,1.326770124832789,0.0,,2026,full_cycle1,0.0,0.4149599105119705,0.2883118636906147,0.6234983498851459,,,,,
-38.0,0.9383883665005366,0.0,,2026,full_cycle1,0.0,0.2713168856998285,0.19134154096245765,0.47572994033495586,,,,,
-37.0,0.8867131471633911,0.0,,2026,full_cycle1,0.0,0.2590556951860587,0.1655183949818214,0.462139052649339,,,,,
-36.0,0.7255555068453153,0.0,,2026,full_cycle1,0.0,0.1825502542157968,0.12818610730270544,0.41481914445757867,,,,,
-35.0,0.8221425354480744,0.0,,2026,full_cycle1,0.0,0.1883926657338937,0.13844434221585591,0.4953055327137311,,,,,
-34.0,0.7230932071805001,0.0,,2026,full_cycle1,0.0,0.1699455101042986,0.12369329370558262,0.4294544093310833,,,,,
-33.0,0.8621441642443339,0.0,,2026,full_cycle1,0.0,0.2069752438614766,0.14649274684488772,0.5086761727929116,,,,,
-32.0,0.6648163318634033,0.0,,2026,full_cycle1,0.0,0.1765805132687092,0.10582137138893206,0.3824144455293814,,,,,
-31.0,0.6629999791582425,0.0,,2026,full_cycle1,0.0,0.17115112220247586,0.1073606314137578,0.3844882277150949,,,,,
-30.0,0.6503808865944545,0.0,,2026,full_cycle1,0.0,0.14715028485904139,0.1018209457397461,0.40140965605775514,,,,,
-29.0,0.7374822835127512,0.0,,2026,full_cycle1,0.0,0.1485969515517354,0.10777118429541588,0.4811141418914,,,,,
-28.0,0.5274869640668233,0.0,,2026,full_cycle1,0.0,0.12648221577207247,0.08802692418297133,0.3129778213799,,,,,
-27.0,0.5546544616421064,0.0,,2026,full_cycle1,0.0,0.12277763467282057,0.08174921066189805,0.35012761130928993,,,,,
-26.0,0.5365368922551473,0.0,,2026,full_cycle1,0.0,0.10964076605935892,0.0761011100684603,0.35079501792788503,,,,,
-25.0,0.45948407128453256,0.0,,2026,full_cycle1,0.0,0.10568605245401462,0.06532169319689274,0.28847632197042306,,,,,
-24.0,0.44689346527059876,0.0,,2026,full_cycle1,0.0,0.09475408184031646,0.06321111551175515,0.28892826723555726,,,,,
-23.0,0.47434092015028,0.0,,2026,full_cycle1,0.0,0.11014196705073118,0.06666285529111822,0.297536097218593,,,,,
-22.0,0.43043289507428806,0.0,,2026,full_cycle1,0.0,0.09678546497598291,0.061719658132642505,0.27192777072389923,,,,,
-21.0,0.4704898121456305,0.0,,2026,full_cycle1,0.0,0.09346593668063481,0.06444331957027316,0.31258055493235587,,,,,
-20.0,0.4709923046330611,0.0,,2026,full_cycle1,0.0,0.09290880219389995,0.06518303460131089,0.31290046622355777,,,,,
-19.0,0.40283499161402386,0.0,,2026,full_cycle1,0.0,0.08544181368003288,0.055443047049144906,0.26195013200243317,,,,,
-18.0,0.5065747854610284,0.0,,2026,full_cycle1,0.0,0.10292723663151264,0.07256597609569629,0.3310815686980883,,,,,
-17.0,0.39058634961644806,0.0,,2026,full_cycle1,0.0,0.08048462814961871,0.05304314866662026,0.2570585735142231,,,,,
-16.0,0.41949546386798225,0.0,,2026,full_cycle1,0.0,0.080979485809803,0.052796703421821196,0.2857192719976107,,,,,
-15.0,0.40586566428343457,0.0,,2026,full_cycle1,0.0,0.07930995052059492,0.055585700242469706,0.2709700152277946,,,,,
-14.0,0.6384906937678655,0.0,,2026,full_cycle1,0.0,0.1270162196829915,0.083980462141335,0.4274940140545368,,,,,
-13.0,0.3853323300679525,0.0,,2026,full_cycle1,0.0,0.07837310029814641,0.05492292987182736,0.2520363017916679,,,,,
-12.0,0.3682500941058,0.0,,2026,full_cycle1,0.0,0.07045760905990998,0.04785042737300197,0.2499420575797558,,,,,
-11.0,0.4748603398601214,0.0,,2026,full_cycle1,0.0,0.09841733214755853,0.060125888076921305,0.31631711944937707,,,,,
-10.0,0.42202167262633644,0.0,,2026,full_cycle1,0.0,0.08630276024341584,0.05834028571844101,0.27737862765789034,,,,,
-9.0,0.38568373819192253,0.0,,2026,full_cycle1,0.0,0.07094832193106412,0.04883708429212372,0.26589833199977875,,,,,
-8.0,0.40927770659327506,0.0,,2026,full_cycle1,0.0,0.07302859298263988,0.0490736981232961,0.28717541744311653,,,,,
-7.0,0.3520858729879061,0.0,,2026,full_cycle1,0.0,0.07001039112607638,0.04585358755042156,0.2362218962361415,,,,,
-6.0,0.32043157890439034,0.0,,2026,full_cycle1,0.0,0.06849898515890042,0.04223428300271432,0.2096983096251885,,,,,
-5.0,0.38216533946494263,0.0,,2026,full_cycle1,0.0,0.07908071223646403,0.04958929968997836,0.25349532638986905,,,,,
-4.0,0.31511006454626717,0.0,,2026,full_cycle1,0.0,0.06680438946932554,0.039379541855305435,0.20892613207300503,,,,,
-3.0,0.4028368649383386,0.0,,2026,full_cycle1,0.0,0.07179293803249796,0.047261199168860915,0.28378273037572704,,,,,
-2.0,0.3437741667032242,0.0,,2026,full_cycle1,0.0,0.06080166564012567,0.041368904833992325,0.24160359414915245,,,,,
-1.0,0.36727607200543083,0.0,,2026,full_cycle1,0.0,0.07075749859213828,0.04467283235862851,0.25184573779503505,,,,,
-40.0,2.161061888933182,0.0,,2026,td3_bc,0.0,0.8196188832322756,0.4861771131555239,0.8552658746639887,,,,,
-39.0,1.2580914845069249,0.0,,2026,td3_bc,0.0,0.3988472471634547,0.2691452632347743,0.5900989755988121,,,,,
-38.0,1.0403587202231088,0.0,,2026,td3_bc,0.0,0.3023752545317014,0.2061406207581361,0.5318428469200929,,,,,
-37.0,0.9841994315385818,0.0,,2026,td3_bc,0.0,0.26536739667256676,0.18189446267982323,0.5369375720620155,,,,,
-36.0,0.6958816781640053,0.0,,2026,td3_bc,0.0,0.17555791027843953,0.1294174775481224,0.39090629493196805,,,,,
-35.0,0.8001034080982208,0.0,,2026,td3_bc,0.0,0.19577314766744772,0.14088766667991875,0.4634425943096479,,,,,
-34.0,0.6141841898361842,0.0,,2026,td3_bc,0.0,0.16203791114191216,0.10507533897956213,0.3470709353685379,,,,,
-33.0,0.7265138253569603,0.0,,2026,td3_bc,0.0,0.15450638787200052,0.10922152766336997,0.4627859093248844,,,,,
-32.0,0.5377201949556668,0.0,,2026,td3_bc,0.0,0.1297402838865916,0.08952364760140578,0.31845626334349314,,,,,
-31.0,0.5546966080864271,0.0,,2026,td3_bc,0.0,0.13494742630670467,0.08578798078621427,0.3339612014591694,,,,,
-30.0,0.6394165523350239,0.0,,2026,td3_bc,0.0,0.14940222123016914,0.09424557443708181,0.3957687531908353,,,,,
-29.0,0.5558749248584112,0.0,,2026,td3_bc,0.0,0.12830784283578395,0.0870614878522853,0.3405055964986483,,,,,
-28.0,0.5493439363936583,0.0,,2026,td3_bc,0.0,0.11542636056741079,0.0805032500376304,0.35341432789961497,,,,,
-27.0,0.48552732169628143,0.0,,2026,td3_bc,0.0,0.10766171465317408,0.07403557682409882,0.3038300278286139,,,,,
-26.0,0.5069413627187411,0.0,,2026,td3_bc,0.0,0.1024692582587401,0.07160540036857128,0.33286670471231145,,,,,
-25.0,0.47695967306693393,0.0,,2026,td3_bc,0.0,0.10351569025466839,0.06848258394747972,0.3049614024658998,,,,,
-24.0,0.4689111125965913,0.0,,2026,td3_bc,0.0,0.10646387444188198,0.06944336108863354,0.2930038787424564,,,,,
-23.0,0.48477143024404845,0.0,,2026,td3_bc,0.0,0.09987276581426462,0.0652986836930116,0.31959997974336146,,,,,
-22.0,0.42595527321100235,0.0,,2026,td3_bc,0.0,0.08860106834520896,0.060802948630104464,0.2765512583156427,,,,,
-21.0,0.42188437754909197,0.0,,2026,td3_bc,0.0,0.09060625635708372,0.05990340239368379,0.27137471698224547,,,,,
-20.0,0.5569071566065152,0.0,,2026,td3_bc,0.0,0.11123180047919352,0.0773412011563778,0.3683341547846794,,,,,
-19.0,0.5265669075151285,0.0,,2026,td3_bc,0.0,0.11828105933964253,0.07811982426792383,0.3301660234729449,,,,,
-18.0,0.3971744678914547,0.0,,2026,td3_bc,0.0,0.08121672340979179,0.053539050122102104,0.2624186960359414,,,,,
-17.0,0.4440303899347782,0.0,,2026,td3_bc,0.0,0.09547155325611432,0.06669273038084308,0.2818661066393057,,,,,
-16.0,0.5294034828742346,0.0,,2026,td3_bc,0.0,0.1046210628002882,0.06937674842774869,0.35540567177037397,,,,,
-15.0,0.4296493137876193,0.0,,2026,td3_bc,0.0,0.09293987651666005,0.05991790338108937,0.2767915369321903,,,,,
-14.0,0.38295889769991237,0.0,,2026,td3_bc,0.0,0.07737596292669574,0.05122302786136667,0.2543599064151446,,,,,
-13.0,0.34990503937005996,0.0,,2026,td3_bc,0.0,0.06972446807970603,0.0485305487178266,0.23165002365907034,,,,,
-12.0,0.36367443601290383,0.0,,2026,td3_bc,0.0,0.07291262385745843,0.047574048054715,0.2431877656529347,,,,,
-11.0,0.5145629751185576,0.0,,2026,td3_bc,0.0,0.1074941019838055,0.06338380814219514,0.3436850652098656,,,,,
-10.0,0.32778115396698315,0.0,,2026,td3_bc,0.0,0.0732044443488121,0.045418212686975795,0.2091584950685501,,,,,
-9.0,0.3978864073753357,0.0,,2026,td3_bc,0.0,0.0779355035473903,0.05117413671687245,0.2687767678250869,,,,,
-8.0,0.4068899559477965,0.0,,2026,td3_bc,0.0,0.08088980248818795,0.053395385512461264,0.27260476959248386,,,,,
-7.0,0.36064914589126906,0.0,,2026,td3_bc,0.0,0.07687639767924945,0.04620183352380991,0.2375709148744742,,,,,
-6.0,0.3273505267997583,0.0,,2026,td3_bc,0.0,0.06765870588521163,0.042153561705102524,0.2175382590542237,,,,,
-5.0,0.36107235799233117,0.0,,2026,td3_bc,0.0,0.06747536674762765,0.04476243049527208,0.24883455814172825,,,,,
-4.0,0.3746931674579779,0.0,,2026,td3_bc,0.0,0.06573358898361524,0.045159346579263605,0.26380023366461197,,,,,
-3.0,0.3763039583961169,0.0,,2026,td3_bc,0.0,0.0647727293583254,0.04428911823779345,0.26724211387336255,,,,,
-2.0,0.3150621148447196,0.0,,2026,td3_bc,0.0,0.0618665790806214,0.03904036839182178,0.21415516585111619,,,,,
-1.0,0.3433472017447154,0.0,,2026,td3_bc,0.0,0.06590181781599919,0.04259180501103401,0.2348535814632972,,,,,
-999.0,,,,2026,full_cycle0_ranking,0.0,,,,,0.5306722689075631,0.7319913924923116,0.225,0.3375
-999.0,,,,2026,full_cycle1_ranking,0.0,,,,,0.41218487394957987,0.680495666306283,0.0625,0.1
-999.0,,,,2026,td3_bc_ranking,0.0,,,,,0.31470588235294117,0.6401177264519243,0.1125,0.125
